company_id,cluster_id,cluster_name,distance_from_centroid
ABB,0,High-Quality Compounders,0.6323
ADANIENSOL,0,High-Quality Compounders,1.3253
ADANIENT,0,High-Quality Compounders,1.3408
ADANIGREEN,3,Leveraged Financials,2.4918
ADANIPORTS,1,High-Margin Franchises,1.3746
ADANIPOWER,0,High-Quality Compounders,1.1027
AMBUJACEM,0,High-Quality Compounders,1.0104
APOLLOHOSP,0,High-Quality Compounders,0.5324
ASIANPAINT,0,High-Quality Compounders,0.3696
ATGL,0,High-Quality Compounders,1.3458
AXISBANK,3,Leveraged Financials,0.9059
BAJAJ-AUTO,0,High-Quality Compounders,0.6379
BAJAJFINSV,3,Leveraged Financials,1.0215
BAJAJHLDNG,1,High-Margin Franchises,2.4378
BAJFINANCE,3,Leveraged Financials,1.5959
BANKBARODA,3,Leveraged Financials,1.8047
BEL,2,Defense High-ROE Leaders,0.7604
BHARTIARTL,1,High-Margin Franchises,1.2799
BHEL,0,High-Quality Compounders,2.3826
BOSCHLTD,0,High-Quality Compounders,0.9605
BPCL,0,High-Quality Compounders,0.5308
BRITANNIA,0,High-Quality Compounders,1.6046
CANBK,3,Leveraged Financials,2.705
CHOLAFIN,3,Leveraged Financials,0.9155
CIPLA,4,Cash-Flow Outliers,0.0
COALINDIA,1,High-Margin Franchises,1.1268
DABUR,0,High-Quality Compounders,0.8863
DIVISLAB,0,High-Quality Compounders,0.7602
DLF,0,High-Quality Compounders,2.4482
DMART,0,High-Quality Compounders,1.3314
DRREDDY,0,High-Quality Compounders,1.2564
EICHERMOT,0,High-Quality Compounders,0.5074
GAIL,0,High-Quality Compounders,0.3566
GODREJCP,0,High-Quality Compounders,0.6886
GRASIM,0,High-Quality Compounders,0.7719
HAL,2,Defense High-ROE Leaders,0.7604
HAVELLS,0,High-Quality Compounders,0.9324
HCLTECH,0,High-Quality Compounders,0.4677
HDFCBANK,3,Leveraged Financials,0.5799
HDFCLIFE,1,High-Margin Franchises,1.3408
HEROMOTOCO,1,High-Margin Franchises,1.7102
HINDALCO,1,High-Margin Franchises,0.6172
HINDUNILVR,1,High-Margin Franchises,0.7318
ICICIBANK,3,Leveraged Financials,0.5847
ICICIGI,1,High-Margin Franchises,0.7363
ICICIPRULI,1,High-Margin Franchises,2.303
INDIGO,1,High-Margin Franchises,2.428
INDUSINDBK,3,Leveraged Financials,0.672
INFY,0,High-Quality Compounders,0.3734
IOC,0,High-Quality Compounders,0.5819
IRCTC,0,High-Quality Compounders,1.3405
IRFC,3,Leveraged Financials,1.8487
ITC,0,High-Quality Compounders,0.8921
JINDALSTEL,0,High-Quality Compounders,1.3615
JIOFIN,1,High-Margin Franchises,0.8341
JSWENERGY,0,High-Quality Compounders,1.3953
JSWSTEEL,0,High-Quality Compounders,0.6229
KOTAKBANK,1,High-Margin Franchises,1.3425
LICI,0,High-Quality Compounders,2.1003
LODHA,0,High-Quality Compounders,2.1102
LT,0,High-Quality Compounders,0.769
LTIM,0,High-Quality Compounders,2.6222
M&M,0,High-Quality Compounders,0.8374
MARUTI,0,High-Quality Compounders,0.3388
MOTHERSON,0,High-Quality Compounders,0.6306
NAUKRI,0,High-Quality Compounders,0.8788
NESTLEIND,0,High-Quality Compounders,0.5694
NHPC,0,High-Quality Compounders,2.0107
NTPC,0,High-Quality Compounders,0.4769
ONGC,0,High-Quality Compounders,0.601
PFC,3,Leveraged Financials,1.2911
PIDILITIND,0,High-Quality Compounders,0.4652
PNB,3,Leveraged Financials,1.3222
POWERGRID,1,High-Margin Franchises,1.5212
RECLTD,3,Leveraged Financials,2.0321
RELIANCE,0,High-Quality Compounders,0.2488
SBILIFE,0,High-Quality Compounders,1.9942
SBIN,0,High-Quality Compounders,1.895
SHREECEM,0,High-Quality Compounders,0.2855
SHRIRAMFIN,3,Leveraged Financials,1.3877
SIEMENS,0,High-Quality Compounders,1.417
SUNPHARMA,0,High-Quality Compounders,1.1102
TATACONSUM,0,High-Quality Compounders,1.7262
TATAMOTORS,0,High-Quality Compounders,0.5881
TATAPOWER,0,High-Quality Compounders,0.8398
TATASTEEL,0,High-Quality Compounders,0.62
TCS,0,High-Quality Compounders,0.3492
TECHM,0,High-Quality Compounders,0.6212
TITAN,0,High-Quality Compounders,1.4946
TORNTPHARM,0,High-Quality Compounders,0.7556
TRENT,0,High-Quality Compounders,3.4105
TVSMOTOR,0,High-Quality Compounders,1.2132
