table_name,rejection_reason,id,company_id,compounded_sales_growth,compounded_profit_growth,stock_price_cagr,roe,year,equity_capital,reserves,borrowings,other_liabilities,total_liabilities,fixed_assets,cwip,investments,other_asset,total_assets,operating_activity,investing_activity,financing_activity,net_cash_flow,annual_report,sales,expenses,operating_profit,opm_percentage,other_income,interest,depreciation,profit_before_tax,tax_percentage,net_profit,eps,dividend_payout,pros,cons,net_profit_margin_pct,operating_profit_margin_pct,return_on_equity_pct,debt_to_equity,interest_coverage,asset_turnover,free_cash_flow_cr,capex_cr,earnings_per_share,book_value_per_share,dividend_payout_ratio_pct,total_debt_cr,cash_from_operations_cr
1788501604303-57986a9b-analysis,DQ-03: company_id not found in companies master,17,WIPRO,10 Years:     8%,10 Years:          3%,    10 Years:     12%,10 Years:        18%,,,,,,,,,,,,,,,,,,,,,,,,,,,,,,,,,,,,,,,,,,,
1788501604303-57986a9b-analysis,DQ-03: company_id not found in companies master,18,WIPRO,5 Years:       9%,5 Years:            4%,      5 Years:     20%,5 Years:          17%,,,,,,,,,,,,,,,,,,,,,,,,,,,,,,,,,,,,,,,,,,,
1788501604303-57986a9b-analysis,DQ-03: company_id not found in companies master,19,WIPRO,3 Years:      13%,3 Years:            0%,      3 Years:      -1%,3 Years:          17%,,,,,,,,,,,,,,,,,,,,,,,,,,,,,,,,,,,,,,,,,,,
1788501604303-57986a9b-analysis,DQ-03: company_id not found in companies master,20,WIPRO,TTM:           -3%,TTM:                 1%,      1 Year:       39%,Last Year:       14%,,,,,,,,,,,,,,,,,,,,,,,,,,,,,,,,,,,,,,,,,,,
1788501604829-ac8c0874-balancesheet,DQ-03: company_id not found in companies master,1200,ZYDUSLIFE,,,,,2013,102.0,2842.0,2918.0,1512.0,7374.0,3026.0,736.0,114.0,3498.0,7374.0,,,,,,,,,,,,,,,,,,,,,,,,,,,,,,,,
1788501604829-ac8c0874-balancesheet,DQ-03: company_id not found in companies master,1201,ZYDUSLIFE,,,,,2014,102.0,3337.0,2700.0,1847.0,7986.0,3124.0,892.0,87.0,3885.0,7986.0,,,,,,,,,,,,,,,,,,,,,,,,,,,,,,,,
1788501604829-ac8c0874-balancesheet,DQ-03: company_id not found in companies master,1202,ZYDUSLIFE,,,,,2015,102.0,4149.0,2651.0,2144.0,9047.0,3352.0,798.0,154.0,4743.0,9047.0,,,,,,,,,,,,,,,,,,,,,,,,,,,,,,,,
1788501604829-ac8c0874-balancesheet,DQ-03: company_id not found in companies master,1203,ZYDUSLIFE,,,,,2016,102.0,5597.0,2442.0,2208.0,10350.0,3748.0,951.0,416.0,5235.0,10350.0,,,,,,,,,,,,,,,,,,,,,,,,,,,,,,,,
1788501604829-ac8c0874-balancesheet,DQ-03: company_id not found in companies master,1204,ZYDUSLIFE,,,,,2017,102.0,6858.0,5207.0,2937.0,15104.0,5755.0,1543.0,435.0,7371.0,15104.0,,,,,,,,,,,,,,,,,,,,,,,,,,,,,,,,
1788501604829-ac8c0874-balancesheet,DQ-03: company_id not found in companies master,1205,ZYDUSLIFE,,,,,2018,102.0,8642.0,5407.0,3632.0,17783.0,6483.0,1527.0,746.0,9028.0,17783.0,,,,,,,,,,,,,,,,,,,,,,,,,,,,,,,,
1788501604829-ac8c0874-balancesheet,DQ-03: company_id not found in companies master,1206,ZYDUSLIFE,,,,,2019,102.0,10284.0,7899.0,4945.0,23231.0,12164.0,837.0,674.0,9556.0,23231.0,,,,,,,,,,,,,,,,,,,,,,,,,,,,,,,,
1788501604829-ac8c0874-balancesheet,DQ-03: company_id not found in companies master,1207,ZYDUSLIFE,,,,,2020,102.0,10273.0,7986.0,5115.0,23477.0,12230.0,742.0,765.0,9740.0,23477.0,,,,,,,,,,,,,,,,,,,,,,,,,,,,,,,,
1788501604829-ac8c0874-balancesheet,DQ-03: company_id not found in companies master,1208,ZYDUSLIFE,,,,,2021,102.0,12890.0,4608.0,6165.0,23765.0,12133.0,783.0,830.0,10019.0,23765.0,,,,,,,,,,,,,,,,,,,,,,,,,,,,,,,,
1788501604829-ac8c0874-balancesheet,DQ-03: company_id not found in companies master,1209,ZYDUSLIFE,,,,,2022,102.0,16897.0,4221.0,6421.0,27642.0,12188.0,726.0,3288.0,11439.0,27642.0,,,,,,,,,,,,,,,,,,,,,,,,,,,,,,,,
1788501604829-ac8c0874-balancesheet,DQ-03: company_id not found in companies master,1210,ZYDUSLIFE,,,,,2023,101.0,17415.0,1195.0,6851.0,25562.0,11521.0,1201.0,1547.0,11294.0,25562.0,,,,,,,,,,,,,,,,,,,,,,,,,,,,,,,,
1788501604829-ac8c0874-balancesheet,DQ-03: company_id not found in companies master,1211,ZYDUSLIFE,,,,,2024,101.0,19729.0,804.0,8201.0,28834.0,12368.0,2423.0,1220.0,12822.0,28834.0,,,,,,,,,,,,,,,,,,,,,,,,,,,,,,,,
1788501604829-ac8c0874-balancesheet,DQ-03: company_id not found in companies master,1212,ZYDUSLIFE,,,,,2024.5,101.0,21724.0,190.0,9431.0,31446.0,14304.0,1051.0,2596.0,13495.0,31446.0,,,,,,,,,,,,,,,,,,,,,,,,,,,,,,,,
1788501604829-ac8c0874-balancesheet,DQ-03: company_id not found in companies master,1226,ZOMATO,,,,,2018,0.0,1036.0,186.0,152.0,1374.0,190.0,1.0,829.0,354.0,1374.0,,,,,,,,,,,,,,,,,,,,,,,,,,,,,,,,
1788501604829-ac8c0874-balancesheet,DQ-03: company_id not found in companies master,1227,ZOMATO,,,,,2019,0.0,2356.0,348.0,709.0,3413.0,389.0,1.0,2145.0,879.0,3413.0,,,,,,,,,,,,,,,,,,,,,,,,,,,,,,,,
1788501604829-ac8c0874-balancesheet,DQ-03: company_id not found in companies master,1228,ZOMATO,,,,,2020,0.0,457.0,326.0,2117.0,2900.0,1591.0,1.0,324.0,985.0,2900.0,,,,,,,,,,,,,,,,,,,,,,,,,,,,,,,,
1788501604829-ac8c0874-balancesheet,DQ-03: company_id not found in companies master,1229,ZOMATO,,,,,2021,0.0,7644.0,527.0,532.0,8704.0,1539.0,0.0,2205.0,4959.0,8704.0,,,,,,,,,,,,,,,,,,,,,,,,,,,,,,,,
1788501604829-ac8c0874-balancesheet,DQ-03: company_id not found in companies master,1230,ZOMATO,,,,,2022,764.0,15741.0,70.0,751.0,17327.0,1404.0,1.0,4718.0,11204.0,17327.0,,,,,,,,,,,,,,,,,,,,,,,,,,,,,,,,
1788501604829-ac8c0874-balancesheet,DQ-03: company_id not found in companies master,1231,ZOMATO,,,,,2023,836.0,18624.0,507.0,1632.0,21599.0,6344.0,7.0,6765.0,8483.0,21599.0,,,,,,,,,,,,,,,,,,,,,,,,,,,,,,,,
1788501604829-ac8c0874-balancesheet,DQ-03: company_id not found in companies master,1232,ZOMATO,,,,,2024,868.0,19545.0,749.0,2194.0,23356.0,6448.0,18.0,11645.0,5245.0,23356.0,,,,,,,,,,,,,,,,,,,,,,,,,,,,,,,,
1788501604829-ac8c0874-balancesheet,DQ-03: company_id not found in companies master,1233,ZOMATO,,,,,2024.5,872.0,20446.0,1159.0,2728.0,25205.0,8390.0,59.0,11708.0,5048.0,25205.0,,,,,,,,,,,,,,,,,,,,,,,,,,,,,,,,
1788501604829-ac8c0874-balancesheet,DQ-03: company_id not found in companies master,1234,WIPRO,,,,,2013,492.0,26072.0,6381.0,10675.0,43621.0,9996.0,407.0,6765.0,26454.0,43621.0,,,,,,,,,,,,,,,,,,,,,,,,,,,,,,,,
1788501604829-ac8c0874-balancesheet,DQ-03: company_id not found in companies master,1235,WIPRO,,,,,2014,493.0,31636.0,5159.0,12245.0,49533.0,10649.0,369.0,6146.0,32368.0,49533.0,,,,,,,,,,,,,,,,,,,,,,,,,,,,,,,,
1788501604829-ac8c0874-balancesheet,DQ-03: company_id not found in companies master,1236,WIPRO,,,,,2015,494.0,36598.0,7891.0,13367.0,58350.0,10837.0,395.0,5532.0,41586.0,58350.0,,,,,,,,,,,,,,,,,,,,,,,,,,,,,,,,
1788501604829-ac8c0874-balancesheet,DQ-03: company_id not found in companies master,1237,WIPRO,,,,,2016,494.0,45651.0,12522.0,12924.0,71590.0,17279.0,381.0,20915.0,33016.0,71590.0,,,,,,,,,,,,,,,,,,,,,,,,,,,,,,,,
1788501604829-ac8c0874-balancesheet,DQ-03: company_id not found in companies master,1238,WIPRO,,,,,2017,486.0,51184.0,14241.0,12761.0,78672.0,19886.0,738.0,29913.0,28135.0,78672.0,,,,,,,,,,,,,,,,,,,,,,,,,,,,,,,,
1788501604829-ac8c0874-balancesheet,DQ-03: company_id not found in companies master,1239,WIPRO,,,,,2018,905.0,47022.0,13901.0,13563.0,75391.0,18127.0,1378.0,25797.0,30090.0,75391.0,,,,,,,,,,,,,,,,,,,,,,,,,,,,,,,,
1788501604829-ac8c0874-balancesheet,DQ-03: company_id not found in companies master,1240,WIPRO,,,,,2019,1207.0,55216.0,9947.0,16217.0,82586.0,17465.0,2142.0,22887.0,40093.0,82586.0,,,,,,,,,,,,,,,,,,,,,,,,,,,,,,,,
1788501604829-ac8c0874-balancesheet,DQ-03: company_id not found in companies master,1241,WIPRO,,,,,2020,1143.0,54179.0,9724.0,15954.0,81000.0,22062.0,1881.0,20032.0,37024.0,81000.0,,,,,,,,,,,,,,,,,,,,,,,,,,,,,,,,
1788501604829-ac8c0874-balancesheet,DQ-03: company_id not found in companies master,1242,WIPRO,,,,,2021,1096.0,53805.0,10451.0,17213.0,82566.0,23040.0,1853.0,18775.0,38898.0,82566.0,,,,,,,,,,,,,,,,,,,,,,,,,,,,,,,,
1788501604829-ac8c0874-balancesheet,DQ-03: company_id not found in companies master,1243,WIPRO,,,,,2022,1096.0,64307.0,17593.0,24280.0,107276.0,37990.0,1602.0,26154.0,41531.0,107276.0,,,,,,,,,,,,,,,,,,,,,,,,,,,,,,,,
1788501604829-ac8c0874-balancesheet,DQ-03: company_id not found in companies master,1244,WIPRO,,,,,2023,1098.0,76570.0,17467.0,21789.0,116924.0,44757.0,617.0,33073.0,38477.0,116924.0,,,,,,,,,,,,,,,,,,,,,,,,,,,,,,,,
1788501604829-ac8c0874-balancesheet,DQ-03: company_id not found in companies master,1245,WIPRO,,,,,2024,1045.0,73488.0,16465.0,23611.0,114609.0,43628.0,723.0,33384.0,36873.0,114609.0,,,,,,,,,,,,,,,,,,,,,,,,,,,,,,,,
1788501604829-ac8c0874-balancesheet,DQ-03: company_id not found in companies master,1246,WIPRO,,,,,2024.5,1046.0,80330.0,19282.0,24893.0,125552.0,43476.0,846.0,43970.0,37260.0,125552.0,,,,,,,,,,,,,,,,,,,,,,,,,,,,,,,,
1788501604829-ac8c0874-balancesheet,DQ-03: company_id not found in companies master,1247,VEDL,,,,,2013,87.0,17388.0,4839.0,723.0,23037.0,4136.0,723.0,16059.0,2119.0,23037.0,,,,,,,,,,,,,,,,,,,,,,,,,,,,,,,,
1788501604829-ac8c0874-balancesheet,DQ-03: company_id not found in companies master,1248,VEDL,,,,,2014,296.0,72712.0,80566.0,60545.0,214120.0,87205.0,43128.0,37910.0,45877.0,214120.0,,,,,,,,,,,,,,,,,,,,,,,,,,,,,,,,
1788501604829-ac8c0874-balancesheet,DQ-03: company_id not found in companies master,1249,VEDL,,,,,2015,296.0,53579.0,77752.0,58654.0,190281.0,70108.0,38748.0,39606.0,41819.0,190281.0,,,,,,,,,,,,,,,,,,,,,,,,,,,,,,,,
1788501604829-ac8c0874-balancesheet,DQ-03: company_id not found in companies master,1250,VEDL,,,,,2016,296.0,43743.0,67778.0,80163.0,191980.0,67231.0,38461.0,53386.0,32903.0,191980.0,,,,,,,,,,,,,,,,,,,,,,,,,,,,,,,,
1788501604829-ac8c0874-balancesheet,DQ-03: company_id not found in companies master,1251,VEDL,,,,,2017,297.0,60128.0,71569.0,64952.0,196946.0,76756.0,27557.0,46962.0,45671.0,196946.0,,,,,,,,,,,,,,,,,,,,,,,,,,,,,,,,
1788501604829-ac8c0874-balancesheet,DQ-03: company_id not found in companies master,1252,VEDL,,,,,2018,372.0,62940.0,58159.0,58896.0,180367.0,80279.0,32055.0,28700.0,39333.0,180367.0,,,,,,,,,,,,,,,,,,,,,,,,,,,,,,,,
1788501604829-ac8c0874-balancesheet,DQ-03: company_id not found in companies master,1253,VEDL,,,,,2019,372.0,61925.0,66226.0,70045.0,198568.0,96397.0,24959.0,33065.0,44147.0,198568.0,,,,,,,,,,,,,,,,,,,,,,,,,,,,,,,,
1788501604829-ac8c0874-balancesheet,DQ-03: company_id not found in companies master,1254,VEDL,,,,,2020,372.0,54263.0,59187.0,66915.0,180737.0,88904.0,18585.0,24753.0,48495.0,180737.0,,,,,,,,,,,,,,,,,,,,,,,,,,,,,,,,
1788501604829-ac8c0874-balancesheet,DQ-03: company_id not found in companies master,1255,VEDL,,,,,2021,372.0,61906.0,57669.0,63549.0,183496.0,90470.0,16314.0,16660.0,60052.0,183496.0,,,,,,,,,,,,,,,,,,,,,,,,,,,,,,,,
1788501604829-ac8c0874-balancesheet,DQ-03: company_id not found in companies master,1256,VEDL,,,,,2022,372.0,65011.0,53583.0,74981.0,193947.0,93466.0,15879.0,17291.0,67311.0,193947.0,,,,,,,,,,,,,,,,,,,,,,,,,,,,,,,,
1788501604829-ac8c0874-balancesheet,DQ-03: company_id not found in companies master,1257,VEDL,,,,,2023,372.0,39051.0,80329.0,69703.0,189455.0,95744.0,19529.0,13150.0,61032.0,189455.0,,,,,,,,,,,,,,,,,,,,,,,,,,,,,,,,
1788501604829-ac8c0874-balancesheet,DQ-03: company_id not found in companies master,1258,VEDL,,,,,2024,372.0,30350.0,87706.0,69690.0,188118.0,98963.0,22889.0,11869.0,54397.0,188118.0,,,,,,,,,,,,,,,,,,,,,,,,,,,,,,,,
1788501604829-ac8c0874-balancesheet,DQ-03: company_id not found in companies master,1259,VEDL,,,,,2024.5,391.0,37097.0,79808.0,87879.0,205175.0,100699.0,27719.0,12823.0,63934.0,205175.0,,,,,,,,,,,,,,,,,,,,,,,,,,,,,,,,
1788501604829-ac8c0874-balancesheet,DQ-03: company_id not found in companies master,1285,UNITDSPR,,,,,2013,126.0,4661.0,8242.0,3453.0,16483.0,7869.0,131.0,218.0,8265.0,16483.0,,,,,,,,,,,,,,,,,,,,,,,,,,,,,,,,
1788501604829-ac8c0874-balancesheet,DQ-03: company_id not found in companies master,1286,UNITDSPR,,,,,2014,145.0,2887.0,8307.0,3518.0,14858.0,5700.0,110.0,238.0,8810.0,14858.0,,,,,,,,,,,,,,,,,,,,,,,,,,,,,,,,
1788501604829-ac8c0874-balancesheet,DQ-03: company_id not found in companies master,1287,UNITDSPR,,,,,2015,145.0,514.0,4987.0,2242.0,7889.0,1921.0,114.0,216.0,5637.0,7889.0,,,,,,,,,,,,,,,,,,,,,,,,,,,,,,,,
1788501604829-ac8c0874-balancesheet,DQ-03: company_id not found in companies master,1288,UNITDSPR,,,,,2016,145.0,1489.0,4242.0,2452.0,8329.0,1887.0,282.0,77.0,6084.0,8329.0,,,,,,,,,,,,,,,,,,,,,,,,,,,,,,,,
1788501604829-ac8c0874-balancesheet,DQ-03: company_id not found in companies master,1289,UNITDSPR,,,,,2017,145.0,1640.0,4144.0,2967.0,8896.0,1917.0,199.0,0.0,6780.0,8896.0,,,,,,,,,,,,,,,,,,,,,,,,,,,,,,,,
1788501604829-ac8c0874-balancesheet,DQ-03: company_id not found in companies master,1290,UNITDSPR,,,,,2018,145.0,2274.0,3421.0,3086.0,8926.0,1791.0,102.0,0.0,7033.0,8926.0,,,,,,,,,,,,,,,,,,,,,,,,,,,,,,,,
1788501604829-ac8c0874-balancesheet,DQ-03: company_id not found in companies master,1291,UNITDSPR,,,,,2019,145.0,2945.0,2883.0,3135.0,9109.0,1841.0,118.0,25.0,7124.0,9109.0,,,,,,,,,,,,,,,,,,,,,,,,,,,,,,,,
1788501604829-ac8c0874-balancesheet,DQ-03: company_id not found in companies master,1292,UNITDSPR,,,,,2020,145.0,3583.0,2570.0,2546.0,8844.0,1956.0,121.0,22.0,6745.0,8844.0,,,,,,,,,,,,,,,,,,,,,,,,,,,,,,,,
1788501604829-ac8c0874-balancesheet,DQ-03: company_id not found in companies master,1293,UNITDSPR,,,,,2021,145.0,3974.0,1037.0,3354.0,8511.0,1893.0,97.0,0.0,6521.0,8511.0,,,,,,,,,,,,,,,,,,,,,,,,,,,,,,,,
1788501604829-ac8c0874-balancesheet,DQ-03: company_id not found in companies master,1294,UNITDSPR,,,,,2022,145.0,4808.0,605.0,3304.0,8863.0,1855.0,96.0,222.0,6690.0,8863.0,,,,,,,,,,,,,,,,,,,,,,,,,,,,,,,,
1788501604829-ac8c0874-balancesheet,DQ-03: company_id not found in companies master,1295,UNITDSPR,,,,,2023,145.0,5854.0,183.0,3534.0,9716.0,1534.0,83.0,286.0,7813.0,9716.0,,,,,,,,,,,,,,,,,,,,,,,,,,,,,,,,
1788501604829-ac8c0874-balancesheet,DQ-03: company_id not found in companies master,1296,UNITDSPR,,,,,2024,145.0,6976.0,265.0,3790.0,11176.0,1560.0,37.0,645.0,8934.0,11176.0,,,,,,,,,,,,,,,,,,,,,,,,,,,,,,,,
1788501604829-ac8c0874-balancesheet,DQ-03: company_id not found in companies master,1297,UNITDSPR,,,,,2024.5,145.0,7487.0,518.0,3805.0,11955.0,1798.0,66.0,819.0,9272.0,11955.0,,,,,,,,,,,,,,,,,,,,,,,,,,,,,,,,
1788501604829-ac8c0874-balancesheet,DQ-03: company_id not found in companies master,1298,UNIONBANK,,,,,Mar 2013,597.0,16722.0,287589.0,8003.0,312912.0,2483.0,13.0,81808.0,228608.0,312912.0,,,,,,,,,,,,,,,,,,,,,,,,,,,,,,,,
1788501604829-ac8c0874-balancesheet,DQ-03: company_id not found in companies master,1299,UNIONBANK,,,,,Mar 2014,630.0,18004.0,327078.0,9300.0,355013.0,2621.0,2.0,94636.0,257753.0,355013.0,,,,,,,,,,,,,,,,,,,,,,,,,,,,,,,,
1788501604829-ac8c0874-balancesheet,DQ-03: company_id not found in companies master,1300,UNIONBANK,,,,,Mar 2015,636.0,19263.0,352618.0,11048.0,383566.0,2690.0,4.0,85818.0,295053.0,383566.0,,,,,,,,,,,,,,,,,,,,,,,,,,,,,,,,
1788501604829-ac8c0874-balancesheet,DQ-03: company_id not found in companies master,1301,UNIONBANK,,,,,Mar 2016,687.0,22361.0,374754.0,9562.0,407365.0,3939.0,13.0,90573.0,312840.0,407365.0,,,,,,,,,,,,,,,,,,,,,,,,,,,,,,,,
1788501604829-ac8c0874-balancesheet,DQ-03: company_id not found in companies master,1302,UNIONBANK,,,,,Mar 2017,687.0,23406.0,418420.0,13167.0,455681.0,3896.0,21.0,113441.0,338322.0,455681.0,,,,,,,,,,,,,,,,,,,,,,,,,,,,,,,,
1788501604829-ac8c0874-balancesheet,DQ-03: company_id not found in companies master,1303,UNIONBANK,,,,,Mar 2018,1169.0,24083.0,455969.0,9900.0,491120.0,3824.0,34.0,125485.0,361777.0,491120.0,,,,,,,,,,,,,,,,,,,,,,,,,,,,,,,,
1788501604829-ac8c0874-balancesheet,DQ-03: company_id not found in companies master,1304,UNIONBANK,,,,,Mar 2019,1763.0,25073.0,460780.0,10964.0,498581.0,3743.0,44.0,128391.0,366402.0,498581.0,,,,,,,,,,,,,,,,,,,,,,,,,,,,,,,,
1788501604829-ac8c0874-balancesheet,DQ-03: company_id not found in companies master,1305,UNIONBANK,,,,,Mar 2020,3423.0,30567.0,505150.0,16369.0,555509.0,4734.0,54.0,154251.0,396470.0,555509.0,,,,,,,,,,,,,,,,,,,,,,,,,,,,,,,,
1788501604829-ac8c0874-balancesheet,DQ-03: company_id not found in companies master,1306,UNIONBANK,,,,,Mar 2021,6407.0,58331.0,977576.0,40063.0,1082377.0,7303.0,63.0,339059.0,735952.0,1082377.0,,,,,,,,,,,,,,,,,,,,,,,,,,,,,,,,
1788501604829-ac8c0874-balancesheet,DQ-03: company_id not found in companies master,1307,UNIONBANK,,,,,Mar 2022,6835.0,64026.0,1085613.0,37292.0,1193766.0,7171.0,37.0,351839.0,834718.0,1193766.0,,,,,,,,,,,,,,,,,,,,,,,,,,,,,,,,
1788501604829-ac8c0874-balancesheet,DQ-03: company_id not found in companies master,1308,UNIONBANK,,,,,Mar 2023,6835.0,71969.0,1163059.0,46495.0,1288357.0,8826.0,22.0,343727.0,935782.0,1288357.0,,,,,,,,,,,,,,,,,,,,,,,,,,,,,,,,
1788501604829-ac8c0874-balancesheet,DQ-03: company_id not found in companies master,1309,UNIONBANK,,,,,Mar 2024,7634.0,89964.0,1251568.0,52831.0,1401996.0,9224.0,36.0,343953.0,1048783.0,1401996.0,,,,,,,,,,,,,,,,,,,,,,,,,,,,,,,,
1788501604829-ac8c0874-balancesheet,DQ-03: company_id not found in companies master,1323,ULTRACEMCO,,,,,Mar 2013,274.0,14955.0,7342.0,7010.0,29582.0,15050.0,3601.0,4709.0,6222.0,29582.0,,,,,,,,,,,,,,,,,,,,,,,,,,,,,,,,
1788501604829-ac8c0874-balancesheet,DQ-03: company_id not found in companies master,1324,ULTRACEMCO,,,,,Mar 2014,274.0,16908.0,7332.0,7671.0,32185.0,18100.0,2186.0,4862.0,7037.0,32185.0,,,,,,,,,,,,,,,,,,,,,,,,,,,,,,,,
1788501604829-ac8c0874-balancesheet,DQ-03: company_id not found in companies master,1325,ULTRACEMCO,,,,,Mar 2015,274.0,18767.0,9829.0,9183.0,38053.0,23343.0,2250.0,4500.0,7961.0,38053.0,,,,,,,,,,,,,,,,,,,,,,,,,,,,,,,,
1788501604829-ac8c0874-balancesheet,DQ-03: company_id not found in companies master,1326,ULTRACEMCO,,,,,Mar 2016,274.0,21671.0,10616.0,8631.0,41193.0,25309.0,1469.0,5095.0,9319.0,41193.0,,,,,,,,,,,,,,,,,,,,,,,,,,,,,,,,
1788501604829-ac8c0874-balancesheet,DQ-03: company_id not found in companies master,1327,ULTRACEMCO,,,,,Mar 2017,275.0,24117.0,8474.0,9343.0,42209.0,25904.0,921.0,6691.0,8693.0,42209.0,,,,,,,,,,,,,,,,,,,,,,,,,,,,,,,,
1788501604829-ac8c0874-balancesheet,DQ-03: company_id not found in companies master,1328,ULTRACEMCO,,,,,Mar 2018,275.0,26107.0,19480.0,11280.0,57141.0,39715.0,1511.0,5447.0,10468.0,57141.0,,,,,,,,,,,,,,,,,,,,,,,,,,,,,,,,
1788501604829-ac8c0874-balancesheet,DQ-03: company_id not found in companies master,1329,ULTRACEMCO,,,,,Mar 2019,275.0,33476.0,25337.0,17438.0,76525.0,56645.0,1153.0,2921.0,15806.0,76525.0,,,,,,,,,,,,,,,,,,,,,,,,,,,,,,,,
1788501604829-ac8c0874-balancesheet,DQ-03: company_id not found in companies master,1330,ULTRACEMCO,,,,,Mar 2020,289.0,38755.0,23019.0,17151.0,79214.0,57151.0,920.0,5929.0,15215.0,79214.0,,,,,,,,,,,,,,,,,,,,,,,,,,,,,,,,
1788501604829-ac8c0874-balancesheet,DQ-03: company_id not found in companies master,1331,ULTRACEMCO,,,,,Mar 2021,289.0,43886.0,21719.0,20282.0,86176.0,55412.0,1687.0,12178.0,16900.0,86176.0,,,,,,,,,,,,,,,,,,,,,,,,,,,,,,,,
1788501604829-ac8c0874-balancesheet,DQ-03: company_id not found in companies master,1332,ULTRACEMCO,,,,,Mar 2022,289.0,50147.0,11299.0,22077.0,83811.0,55488.0,4785.0,6336.0,17203.0,83811.0,,,,,,,,,,,,,,,,,,,,,,,,,,,,,,,,
1788501604829-ac8c0874-balancesheet,DQ-03: company_id not found in companies master,1333,ULTRACEMCO,,,,,Mar 2023,289.0,54036.0,11058.0,25998.0,91380.0,59579.0,4040.0,7297.0,20464.0,91380.0,,,,,,,,,,,,,,,,,,,,,,,,,,,,,,,,
1788501604829-ac8c0874-balancesheet,DQ-03: company_id not found in companies master,1334,ULTRACEMCO,,,,,Mar 2024,289.0,59939.0,11403.0,29167.0,100797.0,62878.0,6811.0,8249.0,22859.0,100797.0,,,,,,,,,,,,,,,,,,,,,,,,,,,,,,,,
1788501604829-ac8c0874-balancesheet,DQ-03: company_id not found in companies master,1335,ULTRACEMCO,,,,,Sep 2024,289.0,61076.0,16964.0,29282.0,107611.0,68042.0,6410.0,7579.0,25579.0,107611.0,,,,,,,,,,,,,,,,,,,,,,,,,,,,,,,,
1788501605758-8e951681-cashflow,DQ-03: company_id not found in companies master,189,AGTL,,,,,Mar 2018,,,,,,,,,,,277.0,-988.0,779.0,68.0,,,,,,,,,,,,,,,,,,,,,,,,,,,,
1788501605758-8e951681-cashflow,DQ-03: company_id not found in companies master,190,AGTL,,,,,Mar 2019,,,,,,,,,,,356.0,791.0,-1077.0,70.0,,,,,,,,,,,,,,,,,,,,,,,,,,,,
1788501605758-8e951681-cashflow,DQ-03: company_id not found in companies master,191,AGTL,,,,,Mar 2020,,,,,,,,,,,492.0,-461.0,-102.0,-71.0,,,,,,,,,,,,,,,,,,,,,,,,,,,,
1788501605758-8e951681-cashflow,DQ-03: company_id not found in companies master,192,AGTL,,,,,Mar 2021,,,,,,,,,,,654.0,-770.0,39.0,-78.0,,,,,,,,,,,,,,,,,,,,,,,,,,,,
1788501605758-8e951681-cashflow,DQ-03: company_id not found in companies master,193,AGTL,,,,,Mar 2022,,,,,,,,,,,732.0,-1133.0,422.0,21.0,,,,,,,,,,,,,,,,,,,,,,,,,,,,
1788501605758-8e951681-cashflow,DQ-03: company_id not found in companies master,194,AGTL,,,,,Mar 2023,,,,,,,,,,,853.0,-1167.0,295.0,-19.0,,,,,,,,,,,,,,,,,,,,,,,,,,,,
1788501605758-8e951681-cashflow,DQ-03: company_id not found in companies master,195,AGTL,,,,,Mar 2024,,,,,,,,,,,955.0,-752.0,-78.0,125.0,,,,,,,,,,,,,,,,,,,,,,,,,,,,
1788501605758-8e951681-cashflow,DQ-03: company_id not found in companies master,1170,ULTRACEMCO,,,,,Mar 2013,,,,,,,,,,,3618.0,-4362.0,715.0,-30.0,,,,,,,,,,,,,,,,,,,,,,,,,,,,
1788501605758-8e951681-cashflow,DQ-03: company_id not found in companies master,1171,ULTRACEMCO,,,,,Mar 2014,,,,,,,,,,,3455.0,-2342.0,-949.0,164.0,,,,,,,,,,,,,,,,,,,,,,,,,,,,
1788501605758-8e951681-cashflow,DQ-03: company_id not found in companies master,1172,ULTRACEMCO,,,,,Mar 2015,,,,,,,,,,,4190.0,-2144.0,-2110.0,-63.0,,,,,,,,,,,,,,,,,,,,,,,,,,,,
1788501605758-8e951681-cashflow,DQ-03: company_id not found in companies master,1173,ULTRACEMCO,,,,,Mar 2016,,,,,,,,,,,4526.0,-3673.0,-844.0,8.0,,,,,,,,,,,,,,,,,,,,,,,,,,,,
1788501605758-8e951681-cashflow,DQ-03: company_id not found in companies master,1174,ULTRACEMCO,,,,,Mar 2017,,,,,,,,,,,5005.0,-2501.0,-2535.0,-31.0,,,,,,,,,,,,,,,,,,,,,,,,,,,,
1788501605758-8e951681-cashflow,DQ-03: company_id not found in companies master,1175,ULTRACEMCO,,,,,Mar 2018,,,,,,,,,,,3888.0,1866.0,-5735.0,18.0,,,,,,,,,,,,,,,,,,,,,,,,,,,,
1788501605758-8e951681-cashflow,DQ-03: company_id not found in companies master,1176,ULTRACEMCO,,,,,Mar 2019,,,,,,,,,,,5956.0,1165.0,-6757.0,364.0,,,,,,,,,,,,,,,,,,,,,,,,,,,,
1788501605758-8e951681-cashflow,DQ-03: company_id not found in companies master,1177,ULTRACEMCO,,,,,Mar 2020,,,,,,,,,,,8972.0,-4192.0,-5076.0,-295.0,,,,,,,,,,,,,,,,,,,,,,,,,,,,
1788501605758-8e951681-cashflow,DQ-03: company_id not found in companies master,1178,ULTRACEMCO,,,,,Mar 2021,,,,,,,,,,,12500.0,-8856.0,-4356.0,-712.0,,,,,,,,,,,,,,,,,,,,,,,,,,,,
1788501605758-8e951681-cashflow,DQ-03: company_id not found in companies master,1179,ULTRACEMCO,,,,,Mar 2022,,,,,,,,,,,9283.0,2257.0,-12498.0,-958.0,,,,,,,,,,,,,,,,,,,,,,,,,,,,
1788501605758-8e951681-cashflow,DQ-03: company_id not found in companies master,1180,ULTRACEMCO,,,,,Mar 2023,,,,,,,,,,,9069.0,-7188.0,-1631.0,250.0,,,,,,,,,,,,,,,,,,,,,,,,,,,,
1788501605758-8e951681-cashflow,DQ-03: company_id not found in companies master,1181,ULTRACEMCO,,,,,Mar 2024,,,,,,,,,,,10898.0,-8789.0,-1926.0,183.0,,,,,,,,,,,,,,,,,,,,,,,,,,,,
1788501605758-8e951681-cashflow,DQ-03: company_id not found in companies master,1182,UNIONBANK,,,,,Mar 2013,,,,,,,,,,,-4245.0,-343.0,5096.0,507.0,,,,,,,,,,,,,,,,,,,,,,,,,,,,
1788501605758-8e951681-cashflow,DQ-03: company_id not found in companies master,1183,UNIONBANK,,,,,Mar 2014,,,,,,,,,,,2570.0,-363.0,4902.0,7109.0,,,,,,,,,,,,,,,,,,,,,,,,,,,,
1788501605758-8e951681-cashflow,DQ-03: company_id not found in companies master,1184,UNIONBANK,,,,,Mar 2015,,,,,,,,,,,-3567.0,-318.0,3168.0,-718.0,,,,,,,,,,,,,,,,,,,,,,,,,,,,
1788501605758-8e951681-cashflow,DQ-03: company_id not found in companies master,1185,UNIONBANK,,,,,Mar 2016,,,,,,,,,,,81.0,-9.0,-2.0,70.0,,,,,,,,,,,,,,,,,,,,,,,,,,,,
1788501605758-8e951681-cashflow,DQ-03: company_id not found in companies master,1186,UNIONBANK,,,,,Mar 2017,,,,,,,,,,,-6624.0,-280.0,10194.0,3289.0,,,,,,,,,,,,,,,,,,,,,,,,,,,,
1788501605758-8e951681-cashflow,DQ-03: company_id not found in companies master,1187,UNIONBANK,,,,,Mar 2018,,,,,,,,,,,6097.0,-315.0,10792.0,16574.0,,,,,,,,,,,,,,,,,,,,,,,,,,,,
1788501605758-8e951681-cashflow,DQ-03: company_id not found in companies master,1188,UNIONBANK,,,,,Mar 2019,,,,,,,,,,,-7778.0,-297.0,1758.0,-6317.0,,,,,,,,,,,,,,,,,,,,,,,,,,,,
1788501605758-8e951681-cashflow,DQ-03: company_id not found in companies master,1189,UNIONBANK,,,,,Mar 2020,,,,,,,,,,,-77.0,-4.0,201.0,121.0,,,,,,,,,,,,,,,,,,,,,,,,,,,,
1788501605758-8e951681-cashflow,DQ-03: company_id not found in companies master,1190,UNIONBANK,,,,,Mar 2021,,,,,,,,,,,20527.0,-601.0,-18861.0,1066.0,,,,,,,,,,,,,,,,,,,,,,,,,,,,
1788501605758-8e951681-cashflow,DQ-03: company_id not found in companies master,1191,UNIONBANK,,,,,Mar 2022,,,,,,,,,,,36339.0,-558.0,-786.0,34995.0,,,,,,,,,,,,,,,,,,,,,,,,,,,,
1788501605758-8e951681-cashflow,DQ-03: company_id not found in companies master,1192,UNIONBANK,,,,,Mar 2023,,,,,,,,,,,6056.0,-2561.0,-10654.0,-7159.0,,,,,,,,,,,,,,,,,,,,,,,,,,,,
1788501605758-8e951681-cashflow,DQ-03: company_id not found in companies master,1193,UNIONBANK,,,,,Mar 2024,,,,,,,,,,,19930.0,-1394.0,-11489.0,7047.0,,,,,,,,,,,,,,,,,,,,,,,,,,,,
1788501605758-8e951681-cashflow,DQ-03: company_id not found in companies master,1194,UNITDSPR,,,,,Mar 2013,,,,,,,,,,,1969.0,-1121.0,-992.0,-145.0,,,,,,,,,,,,,,,,,,,,,,,,,,,,
1788501605758-8e951681-cashflow,DQ-03: company_id not found in companies master,1195,UNITDSPR,,,,,Mar 2014,,,,,,,,,,,-552.0,-252.0,1235.0,431.0,,,,,,,,,,,,,,,,,,,,,,,,,,,,
1788501605758-8e951681-cashflow,DQ-03: company_id not found in companies master,1196,UNITDSPR,,,,,Mar 2015,,,,,,,,,,,-196.0,3855.0,-4002.0,-343.0,,,,,,,,,,,,,,,,,,,,,,,,,,,,
1788501605758-8e951681-cashflow,DQ-03: company_id not found in companies master,1197,UNITDSPR,,,,,Mar 2016,,,,,,,,,,,283.0,733.0,-1155.0,-139.0,,,,,,,,,,,,,,,,,,,,,,,,,,,,
1788501605758-8e951681-cashflow,DQ-03: company_id not found in companies master,1198,UNITDSPR,,,,,Mar 2017,,,,,,,,,,,647.0,-227.0,-475.0,-56.0,,,,,,,,,,,,,,,,,,,,,,,,,,,,
1788501605758-8e951681-cashflow,DQ-03: company_id not found in companies master,1199,UNITDSPR,,,,,Mar 2018,,,,,,,,,,,925.0,104.0,-966.0,63.0,,,,,,,,,,,,,,,,,,,,,,,,,,,,
1788501605758-8e951681-cashflow,DQ-03: company_id not found in companies master,1200,UNITDSPR,,,,,Mar 2019,,,,,,,,,,,948.0,-66.0,-808.0,74.0,,,,,,,,,,,,,,,,,,,,,,,,,,,,
1788501605758-8e951681-cashflow,DQ-03: company_id not found in companies master,1201,UNITDSPR,,,,,Mar 2020,,,,,,,,,,,783.0,-194.0,-740.0,-150.0,,,,,,,,,,,,,,,,,,,,,,,,,,,,
1788501605758-8e951681-cashflow,DQ-03: company_id not found in companies master,1202,UNITDSPR,,,,,Mar 2021,,,,,,,,,,,1818.0,-99.0,-1707.0,12.0,,,,,,,,,,,,,,,,,,,,,,,,,,,,
1788501605758-8e951681-cashflow,DQ-03: company_id not found in companies master,1203,UNITDSPR,,,,,Mar 2022,,,,,,,,,,,977.0,-313.0,-688.0,-23.0,,,,,,,,,,,,,,,,,,,,,,,,,,,,
1788501605758-8e951681-cashflow,DQ-03: company_id not found in companies master,1204,UNITDSPR,,,,,Mar 2023,,,,,,,,,,,615.0,-55.0,-500.0,60.0,,,,,,,,,,,,,,,,,,,,,,,,,,,,
1788501605758-8e951681-cashflow,DQ-03: company_id not found in companies master,1205,UNITDSPR,,,,,Mar 2024,,,,,,,,,,,1118.0,226.0,-407.0,937.0,,,,,,,,,,,,,,,,,,,,,,,,,,,,
1788501605758-8e951681-cashflow,DQ-03: company_id not found in companies master,1206,VBL,,,,,Dec 2012,,,,,,,,,,,280.0,-507.0,229.0,3.0,,,,,,,,,,,,,,,,,,,,,,,,,,,,
1788501605758-8e951681-cashflow,DQ-03: company_id not found in companies master,1207,VBL,,,,,Dec 2013,,,,,,,,,,,297.0,-574.0,274.0,-2.0,,,,,,,,,,,,,,,,,,,,,,,,,,,,
1788501605758-8e951681-cashflow,DQ-03: company_id not found in companies master,1208,VBL,,,,,Dec 2014,,,,,,,,,,,431.0,-500.0,58.0,-11.0,,,,,,,,,,,,,,,,,,,,,,,,,,,,
1788501605758-8e951681-cashflow,DQ-03: company_id not found in companies master,1209,VBL,,,,,Dec 2015,,,,,,,,,,,555.0,-300.0,-236.0,19.0,,,,,,,,,,,,,,,,,,,,,,,,,,,,
1788501605758-8e951681-cashflow,DQ-03: company_id not found in companies master,1210,VBL,,,,,Dec 2016,,,,,,,,,,,826.0,-1048.0,230.0,8.0,,,,,,,,,,,,,,,,,,,,,,,,,,,,
1788501605758-8e951681-cashflow,DQ-03: company_id not found in companies master,1211,VBL,,,,,Dec 2017,,,,,,,,,,,620.0,-746.0,159.0,32.0,,,,,,,,,,,,,,,,,,,,,,,,,,,,
1788501605758-8e951681-cashflow,DQ-03: company_id not found in companies master,1212,VBL,,,,,Dec 2018,,,,,,,,,,,1000.0,-937.0,-84.0,-22.0,,,,,,,,,,,,,,,,,,,,,,,,,,,,
1788501605758-8e951681-cashflow,DQ-03: company_id not found in companies master,1213,VBL,,,,,Dec 2019,,,,,,,,,,,1308.0,-2320.0,1107.0,95.0,,,,,,,,,,,,,,,,,,,,,,,,,,,,
1788501605758-8e951681-cashflow,DQ-03: company_id not found in companies master,1214,VBL,,,,,Dec 2020,,,,,,,,,,,1012.0,-472.0,-574.0,-33.0,,,,,,,,,,,,,,,,,,,,,,,,,,,,
1788501605758-8e951681-cashflow,DQ-03: company_id not found in companies master,1215,VBL,,,,,Dec 2021,,,,,,,,,,,1231.0,-1008.0,-178.0,46.0,,,,,,,,,,,,,,,,,,,,,,,,,,,,
1788501605758-8e951681-cashflow,DQ-03: company_id not found in companies master,1216,VBL,,,,,Dec 2022,,,,,,,,,,,1790.0,-1769.0,-18.0,4.0,,,,,,,,,,,,,,,,,,,,,,,,,,,,
1788501605758-8e951681-cashflow,DQ-03: company_id not found in companies master,1217,VBL,,,,,Dec 2023,,,,,,,,,,,2391.0,-3288.0,985.0,88.0,,,,,,,,,,,,,,,,,,,,,,,,,,,,
1788501605758-8e951681-cashflow,DQ-03: company_id not found in companies master,1218,VEDL,,,,,Mar 2013,,,,,,,,,,,22.0,-311.0,238.0,-51.0,,,,,,,,,,,,,,,,,,,,,,,,,,,,
1788501605758-8e951681-cashflow,DQ-03: company_id not found in companies master,1219,VEDL,,,,,Mar 2014,,,,,,,,,,,15601.0,-2890.0,-5052.0,7659.0,,,,,,,,,,,,,,,,,,,,,,,,,,,,
1788501605758-8e951681-cashflow,DQ-03: company_id not found in companies master,1220,VEDL,,,,,Mar 2015,,,,,,,,,,,17805.0,-4133.0,-13956.0,-284.0,,,,,,,,,,,,,,,,,,,,,,,,,,,,
1788501605758-8e951681-cashflow,DQ-03: company_id not found in companies master,1221,VEDL,,,,,Mar 2016,,,,,,,,,,,20377.0,-7868.0,-11303.0,1206.0,,,,,,,,,,,,,,,,,,,,,,,,,,,,
1788501605758-8e951681-cashflow,DQ-03: company_id not found in companies master,1222,VEDL,,,,,Mar 2017,,,,,,,,,,,18083.0,2681.0,-12425.0,8339.0,,,,,,,,,,,,,,,,,,,,,,,,,,,,
1788501605758-8e951681-cashflow,DQ-03: company_id not found in companies master,1223,VEDL,,,,,Mar 2018,,,,,,,,,,,17366.0,15480.0,-39255.0,-6409.0,,,,,,,,,,,,,,,,,,,,,,,,,,,,
1788501605758-8e951681-cashflow,DQ-03: company_id not found in companies master,1224,VEDL,,,,,Mar 2019,,,,,,,,,,,23754.0,-10594.0,-10242.0,2918.0,,,,,,,,,,,,,,,,,,,,,,,,,,,,
1788501605758-8e951681-cashflow,DQ-03: company_id not found in companies master,1225,VEDL,,,,,Mar 2020,,,,,,,,,,,19300.0,-5925.0,-15547.0,-2172.0,,,,,,,,,,,,,,,,,,,,,,,,,,,,
1788501605758-8e951681-cashflow,DQ-03: company_id not found in companies master,1226,VEDL,,,,,Mar 2021,,,,,,,,,,,23980.0,-6678.0,-17565.0,-263.0,,,,,,,,,,,,,,,,,,,,,,,,,,,,
1788501605758-8e951681-cashflow,DQ-03: company_id not found in companies master,1227,VEDL,,,,,Mar 2022,,,,,,,,,,,34963.0,-2243.0,-28903.0,3817.0,,,,,,,,,,,,,,,,,,,,,,,,,,,,
1788501605758-8e951681-cashflow,DQ-03: company_id not found in companies master,1228,VEDL,,,,,Mar 2023,,,,,,,,,,,33065.0,-668.0,-34142.0,-1745.0,,,,,,,,,,,,,,,,,,,,,,,,,,,,
1788501605758-8e951681-cashflow,DQ-03: company_id not found in companies master,1229,VEDL,,,,,Mar 2024,,,,,,,,,,,35654.0,-13676.0,-26092.0,-4114.0,,,,,,,,,,,,,,,,,,,,,,,,,,,,
1788501605758-8e951681-cashflow,DQ-03: company_id not found in companies master,1230,WIPRO,,,,,Mar 2013,,,,,,,,,,,6394.0,-4536.0,-1140.0,717.0,,,,,,,,,,,,,,,,,,,,,,,,,,,,
1788501605758-8e951681-cashflow,DQ-03: company_id not found in companies master,1231,WIPRO,,,,,Mar 2014,,,,,,,,,,,6790.0,-284.0,-3570.0,2936.0,,,,,,,,,,,,,,,,,,,,,,,,,,,,
1788501605758-8e951681-cashflow,DQ-03: company_id not found in companies master,1232,WIPRO,,,,,Mar 2015,,,,,,,,,,,7840.0,-2537.0,-830.0,4474.0,,,,,,,,,,,,,,,,,,,,,,,,,,,,
1788501605758-8e951681-cashflow,DQ-03: company_id not found in companies master,1233,WIPRO,,,,,Mar 2016,,,,,,,,,,,7887.0,-13761.0,-159.0,-6032.0,,,,,,,,,,,,,,,,,,,,,,,,,,,,
1788501605758-8e951681-cashflow,DQ-03: company_id not found in companies master,1234,WIPRO,,,,,Mar 2017,,,,,,,,,,,9277.0,-11770.0,-2275.0,-4767.0,,,,,,,,,,,,,,,,,,,,,,,,,,,,
1788501605758-8e951681-cashflow,DQ-03: company_id not found in companies master,1235,WIPRO,,,,,Mar 2018,,,,,,,,,,,8423.0,3595.0,-12998.0,-979.0,,,,,,,,,,,,,,,,,,,,,,,,,,,,
1788501605758-8e951681-cashflow,DQ-03: company_id not found in companies master,1236,WIPRO,,,,,Mar 2019,,,,,,,,,,,11632.0,5065.0,-4937.0,11760.0,,,,,,,,,,,,,,,,,,,,,,,,,,,,
1788501605758-8e951681-cashflow,DQ-03: company_id not found in companies master,1237,WIPRO,,,,,Mar 2020,,,,,,,,,,,10064.0,3593.0,-15100.0,-1442.0,,,,,,,,,,,,,,,,,,,,,,,,,,,,
1788501605758-8e951681-cashflow,DQ-03: company_id not found in companies master,1238,WIPRO,,,,,Mar 2021,,,,,,,,,,,14755.0,685.0,-12884.0,2556.0,,,,,,,,,,,,,,,,,,,,,,,,,,,,
1788501605758-8e951681-cashflow,DQ-03: company_id not found in companies master,1239,WIPRO,,,,,Mar 2022,,,,,,,,,,,11080.0,-22321.0,4659.0,-6583.0,,,,,,,,,,,,,,,,,,,,,,,,,,,,
1788501605758-8e951681-cashflow,DQ-03: company_id not found in companies master,1240,WIPRO,,,,,Mar 2023,,,,,,,,,,,13060.0,-8169.0,-6088.0,-1197.0,,,,,,,,,,,,,,,,,,,,,,,,,,,,
1788501605758-8e951681-cashflow,DQ-03: company_id not found in companies master,1241,WIPRO,,,,,Mar 2024,,,,,,,,,,,17622.0,1144.0,-18257.0,509.0,,,,,,,,,,,,,,,,,,,,,,,,,,,,
1788501605758-8e951681-cashflow,DQ-03: company_id not found in companies master,1242,ZOMATO,,,,,Mar 2020,,,,,,,,,,,-2144.0,1740.0,359.0,-45.0,,,,,,,,,,,,,,,,,,,,,,,,,,,,
1788501605758-8e951681-cashflow,DQ-03: company_id not found in companies master,1243,ZOMATO,,,,,Mar 2021,,,,,,,,,,,-1018.0,-5245.0,6402.0,139.0,,,,,,,,,,,,,,,,,,,,,,,,,,,,
1788501605758-8e951681-cashflow,DQ-03: company_id not found in companies master,1244,ZOMATO,,,,,Mar 2022,,,,,,,,,,,-693.0,-7971.0,8750.0,86.0,,,,,,,,,,,,,,,,,,,,,,,,,,,,
1788501605758-8e951681-cashflow,DQ-03: company_id not found in companies master,1245,ZOMATO,,,,,Mar 2023,,,,,,,,,,,-844.0,797.0,-127.0,-174.0,,,,,,,,,,,,,,,,,,,,,,,,,,,,
1788501605758-8e951681-cashflow,DQ-03: company_id not found in companies master,1246,ZOMATO,,,,,Mar 2024,,,,,,,,,,,646.0,-348.0,-207.0,91.0,,,,,,,,,,,,,,,,,,,,,,,,,,,,
1788501605758-8e951681-cashflow,DQ-03: company_id not found in companies master,1247,ZYDUSLIFE,,,,,Mar 2013,,,,,,,,,,,603.0,-682.0,286.0,207.0,,,,,,,,,,,,,,,,,,,,,,,,,,,,
1788501605758-8e951681-cashflow,DQ-03: company_id not found in companies master,1248,ZYDUSLIFE,,,,,Mar 2014,,,,,,,,,,,903.0,-438.0,-529.0,-64.0,,,,,,,,,,,,,,,,,,,,,,,,,,,,
1788501605758-8e951681-cashflow,DQ-03: company_id not found in companies master,1249,ZYDUSLIFE,,,,,Mar 2015,,,,,,,,,,,994.0,-465.0,-351.0,178.0,,,,,,,,,,,,,,,,,,,,,,,,,,,,
1788501605758-8e951681-cashflow,DQ-03: company_id not found in companies master,1250,ZYDUSLIFE,,,,,Mar 2016,,,,,,,,,,,1894.0,-860.0,-935.0,99.0,,,,,,,,,,,,,,,,,,,,,,,,,,,,
1788501605758-8e951681-cashflow,DQ-03: company_id not found in companies master,1251,ZYDUSLIFE,,,,,Mar 2017,,,,,,,,,,,1312.0,-2872.0,2316.0,756.0,,,,,,,,,,,,,,,,,,,,,,,,,,,,
1788501605758-8e951681-cashflow,DQ-03: company_id not found in companies master,1252,ZYDUSLIFE,,,,,Mar 2018,,,,,,,,,,,919.0,-974.0,52.0,-3.0,,,,,,,,,,,,,,,,,,,,,,,,,,,,
1788501605758-8e951681-cashflow,DQ-03: company_id not found in companies master,1253,ZYDUSLIFE,,,,,Mar 2019,,,,,,,,,,,1282.0,-3977.0,1885.0,-811.0,,,,,,,,,,,,,,,,,,,,,,,,,,,,
1788501605758-8e951681-cashflow,DQ-03: company_id not found in companies master,1254,ZYDUSLIFE,,,,,Mar 2020,,,,,,,,,,,2932.0,-1004.0,-1528.0,399.0,,,,,,,,,,,,,,,,,,,,,,,,,,,,
1788501605758-8e951681-cashflow,DQ-03: company_id not found in companies master,1255,ZYDUSLIFE,,,,,Mar 2021,,,,,,,,,,,3294.0,-837.0,-2548.0,-90.0,,,,,,,,,,,,,,,,,,,,,,,,,,,,
1788501605758-8e951681-cashflow,DQ-03: company_id not found in companies master,1256,ZYDUSLIFE,,,,,Mar 2022,,,,,,,,,,,2104.0,-1018.0,-868.0,219.0,,,,,,,,,,,,,,,,,,,,,,,,,,,,
1788501605758-8e951681-cashflow,DQ-03: company_id not found in companies master,1257,ZYDUSLIFE,,,,,Mar 2023,,,,,,,,,,,2689.0,1542.0,-4400.0,-170.0,,,,,,,,,,,,,,,,,,,,,,,,,,,,
1788501605758-8e951681-cashflow,DQ-03: company_id not found in companies master,1258,ZYDUSLIFE,,,,,Mar 2024,,,,,,,,,,,3228.0,-1492.0,-1810.0,-75.0,,,,,,,,,,,,,,,,,,,,,,,,,,,,
1788501606362-ba899c04-documents,DQ-03: company_id not found in companies master,1458,ULTRACEMCO,,,,,2024,,,,,,,,,,,,,,,https://www.bseindia.com/xml-data/corpfiling/AttachHis/954d56a4-0b0e-405d-b877-e7696fef9fb8.pdf,,,,,,,,,,,,,,,,,,,,,,,,,,,
1788501606362-ba899c04-documents,DQ-03: company_id not found in companies master,1459,ULTRACEMCO,,,,,2023,,,,,,,,,,,,,,,https://www.bseindia.com/xml-data/corpfiling/AttachHis//26a2922a-4386-4819-a739-01f0196834a6.pdf,,,,,,,,,,,,,,,,,,,,,,,,,,,
1788501606362-ba899c04-documents,DQ-03: company_id not found in companies master,1460,ULTRACEMCO,,,,,2022,,,,,,,,,,,,,,,https://www.bseindia.com/bseplus/AnnualReport/532538/73874532538.pdf,,,,,,,,,,,,,,,,,,,,,,,,,,,
1788501606362-ba899c04-documents,DQ-03: company_id not found in companies master,1461,ULTRACEMCO,,,,,2021,,,,,,,,,,,,,,,https://www.bseindia.com/bseplus/AnnualReport/532538/69096532538.pdf,,,,,,,,,,,,,,,,,,,,,,,,,,,
1788501606362-ba899c04-documents,DQ-03: company_id not found in companies master,1462,ULTRACEMCO,,,,,2020,,,,,,,,,,,,,,,https://www.bseindia.com/bseplus/AnnualReport/532538/5325380320.pdf,,,,,,,,,,,,,,,,,,,,,,,,,,,
1788501606362-ba899c04-documents,DQ-03: company_id not found in companies master,1463,ULTRACEMCO,,,,,2019,,,,,,,,,,,,,,,https://www.bseindia.com/bseplus/AnnualReport/532538/5325380319.pdf,,,,,,,,,,,,,,,,,,,,,,,,,,,
1788501606362-ba899c04-documents,DQ-03: company_id not found in companies master,1464,ULTRACEMCO,,,,,2018,,,,,,,,,,,,,,,https://www.bseindia.com/bseplus/AnnualReport/532538/5325380318.pdf,,,,,,,,,,,,,,,,,,,,,,,,,,,
1788501606362-ba899c04-documents,DQ-03: company_id not found in companies master,1465,ULTRACEMCO,,,,,2017,,,,,,,,,,,,,,,https://www.bseindia.com/bseplus/AnnualReport/532538/5325380317.pdf,,,,,,,,,,,,,,,,,,,,,,,,,,,
1788501606362-ba899c04-documents,DQ-03: company_id not found in companies master,1466,ULTRACEMCO,,,,,2016,,,,,,,,,,,,,,,https://www.bseindia.com/bseplus/AnnualReport/532538/5325380316.pdf,,,,,,,,,,,,,,,,,,,,,,,,,,,
1788501606362-ba899c04-documents,DQ-03: company_id not found in companies master,1467,ULTRACEMCO,,,,,2015,,,,,,,,,,,,,,,https://www.bseindia.com/bseplus/AnnualReport/532538/5325380315.pdf,,,,,,,,,,,,,,,,,,,,,,,,,,,
1788501606362-ba899c04-documents,DQ-03: company_id not found in companies master,1468,ULTRACEMCO,,,,,2014,,,,,,,,,,,,,,,https://www.bseindia.com/bseplus/AnnualReport/532538/5325380314.pdf,,,,,,,,,,,,,,,,,,,,,,,,,,,
1788501606362-ba899c04-documents,DQ-03: company_id not found in companies master,1469,ULTRACEMCO,,,,,2013,,,,,,,,,,,,,,,https://www.bseindia.com/bseplus/AnnualReport/532538/5325380313.pdf,,,,,,,,,,,,,,,,,,,,,,,,,,,
1788501606362-ba899c04-documents,DQ-03: company_id not found in companies master,1470,ULTRACEMCO,,,,,2012,,,,,,,,,,,,,,,https://www.bseindia.com/bseplus/AnnualReport/532538/5325380312.pdf,,,,,,,,,,,,,,,,,,,,,,,,,,,
1788501606362-ba899c04-documents,DQ-03: company_id not found in companies master,1471,ULTRACEMCO,,,,,2011,,,,,,,,,,,,,,,Null,,,,,,,,,,,,,,,,,,,,,,,,,,,
1788501606362-ba899c04-documents,DQ-03: company_id not found in companies master,1472,ULTRACEMCO,,,,,2010,,,,,,,,,,,,,,,Null,,,,,,,,,,,,,,,,,,,,,,,,,,,
1788501606362-ba899c04-documents,DQ-03: company_id not found in companies master,1473,ULTRACEMCO,,,,,2009,,,,,,,,,,,,,,,Null,,,,,,,,,,,,,,,,,,,,,,,,,,,
1788501606362-ba899c04-documents,DQ-03: company_id not found in companies master,1474,UNIONBANK,,,,,2024,,,,,,,,,,,,,,,https://www.bseindia.com/xml-data/corpfiling/AttachHis/a59b26ca-8c5f-424f-ae8d-27c1b78e35f3.pdf,,,,,,,,,,,,,,,,,,,,,,,,,,,
1788501606362-ba899c04-documents,DQ-03: company_id not found in companies master,1475,UNIONBANK,,,,,2023,,,,,,,,,,,,,,,https://www.bseindia.com/xml-data/corpfiling/AttachHis//083844e2-7459-4598-a74d-1254dc28b4bc.pdf,,,,,,,,,,,,,,,,,,,,,,,,,,,
1788501606362-ba899c04-documents,DQ-03: company_id not found in companies master,1476,UNIONBANK,,,,,2022,,,,,,,,,,,,,,,https://www.bseindia.com/bseplus/AnnualReport/532477/73178532477.pdf,,,,,,,,,,,,,,,,,,,,,,,,,,,
1788501606362-ba899c04-documents,DQ-03: company_id not found in companies master,1477,UNIONBANK,,,,,2021,,,,,,,,,,,,,,,https://www.bseindia.com/bseplus/AnnualReport/532477/68848532477.pdf,,,,,,,,,,,,,,,,,,,,,,,,,,,
1788501606362-ba899c04-documents,DQ-03: company_id not found in companies master,1478,UNIONBANK,,,,,2020,,,,,,,,,,,,,,,https://www.bseindia.com/bseplus/AnnualReport/532477/5324770320.pdf,,,,,,,,,,,,,,,,,,,,,,,,,,,
1788501606362-ba899c04-documents,DQ-03: company_id not found in companies master,1479,UNIONBANK,,,,,2019,,,,,,,,,,,,,,,https://www.bseindia.com/bseplus/AnnualReport/532477/5324770319.pdf,,,,,,,,,,,,,,,,,,,,,,,,,,,
1788501606362-ba899c04-documents,DQ-03: company_id not found in companies master,1480,UNIONBANK,,,,,2018,,,,,,,,,,,,,,,https://www.bseindia.com/bseplus/AnnualReport/532477/5324770318.pdf,,,,,,,,,,,,,,,,,,,,,,,,,,,
1788501606362-ba899c04-documents,DQ-03: company_id not found in companies master,1481,UNIONBANK,,,,,2017,,,,,,,,,,,,,,,https://www.bseindia.com/bseplus/AnnualReport/532477/5324770317.pdf,,,,,,,,,,,,,,,,,,,,,,,,,,,
1788501606362-ba899c04-documents,DQ-03: company_id not found in companies master,1482,UNIONBANK,,,,,2016,,,,,,,,,,,,,,,https://www.bseindia.com/bseplus/AnnualReport/532477/5324770316.pdf,,,,,,,,,,,,,,,,,,,,,,,,,,,
1788501606362-ba899c04-documents,DQ-03: company_id not found in companies master,1483,UNIONBANK,,,,,2015,,,,,,,,,,,,,,,https://www.bseindia.com/bseplus/AnnualReport/532477/5324770315.pdf,,,,,,,,,,,,,,,,,,,,,,,,,,,
1788501606362-ba899c04-documents,DQ-03: company_id not found in companies master,1484,UNIONBANK,,,,,2014,,,,,,,,,,,,,,,https://www.bseindia.com/bseplus/AnnualReport/532477/5324770314.pdf,,,,,,,,,,,,,,,,,,,,,,,,,,,
1788501606362-ba899c04-documents,DQ-03: company_id not found in companies master,1485,UNIONBANK,,,,,2013,,,,,,,,,,,,,,,https://www.bseindia.com/bseplus/AnnualReport/532477/5324770313.pdf,,,,,,,,,,,,,,,,,,,,,,,,,,,
1788501606362-ba899c04-documents,DQ-03: company_id not found in companies master,1486,UNIONBANK,,,,,2012,,,,,,,,,,,,,,,https://www.bseindia.com/bseplus/AnnualReport/532477/5324770312.pdf,,,,,,,,,,,,,,,,,,,,,,,,,,,
1788501606362-ba899c04-documents,DQ-03: company_id not found in companies master,1487,UNIONBANK,,,,,2011,,,,,,,,,,,,,,,https://www.bseindia.com/bseplus/AnnualReport/532477/5324770311.pdf,,,,,,,,,,,,,,,,,,,,,,,,,,,
1788501606362-ba899c04-documents,DQ-03: company_id not found in companies master,1488,UNIONBANK,,,,,2010,,,,,,,,,,,,,,,Null,,,,,,,,,,,,,,,,,,,,,,,,,,,
1788501606362-ba899c04-documents,DQ-03: company_id not found in companies master,1489,UNIONBANK,,,,,2009,,,,,,,,,,,,,,,Null,,,,,,,,,,,,,,,,,,,,,,,,,,,
1788501606362-ba899c04-documents,DQ-03: company_id not found in companies master,1490,UNITDSPR,,,,,2024,,,,,,,,,,,,,,,https://www.bseindia.com/xml-data/corpfiling/AttachHis/5a3fca91-db50-4b8f-b441-b923f2fa20a5.pdf,,,,,,,,,,,,,,,,,,,,,,,,,,,
1788501606362-ba899c04-documents,DQ-03: company_id not found in companies master,1491,UNITDSPR,,,,,2023,,,,,,,,,,,,,,,https://www.bseindia.com/xml-data/corpfiling/AttachHis//a9f48c17-7320-41cd-8732-3fa67c480f1e.pdf,,,,,,,,,,,,,,,,,,,,,,,,,,,
1788501606362-ba899c04-documents,DQ-03: company_id not found in companies master,1492,UNITDSPR,,,,,2022,,,,,,,,,,,,,,,https://www.bseindia.com/bseplus/AnnualReport/532432/73716532432.pdf,,,,,,,,,,,,,,,,,,,,,,,,,,,
1788501606362-ba899c04-documents,DQ-03: company_id not found in companies master,1493,UNITDSPR,,,,,2021,,,,,,,,,,,,,,,https://www.bseindia.com/bseplus/AnnualReport/532432/69199532432.pdf,,,,,,,,,,,,,,,,,,,,,,,,,,,
1788501606362-ba899c04-documents,DQ-03: company_id not found in companies master,1494,UNITDSPR,,,,,2020,,,,,,,,,,,,,,,https://www.bseindia.com/bseplus/AnnualReport/532432/5324320320.pdf,,,,,,,,,,,,,,,,,,,,,,,,,,,
1788501606362-ba899c04-documents,DQ-03: company_id not found in companies master,1495,UNITDSPR,,,,,2019,,,,,,,,,,,,,,,https://www.bseindia.com/bseplus/AnnualReport/532432/5324320319.pdf,,,,,,,,,,,,,,,,,,,,,,,,,,,
1788501606362-ba899c04-documents,DQ-03: company_id not found in companies master,1496,UNITDSPR,,,,,2018,,,,,,,,,,,,,,,https://www.bseindia.com/bseplus/AnnualReport/532432/5324320318.pdf,,,,,,,,,,,,,,,,,,,,,,,,,,,
1788501606362-ba899c04-documents,DQ-03: company_id not found in companies master,1497,UNITDSPR,,,,,2017,,,,,,,,,,,,,,,https://www.bseindia.com/bseplus/AnnualReport/532432/5324320317.pdf,,,,,,,,,,,,,,,,,,,,,,,,,,,
1788501606362-ba899c04-documents,DQ-03: company_id not found in companies master,1498,UNITDSPR,,,,,2016,,,,,,,,,,,,,,,https://www.bseindia.com/bseplus/AnnualReport/532432/5324320316.pdf,,,,,,,,,,,,,,,,,,,,,,,,,,,
1788501606362-ba899c04-documents,DQ-03: company_id not found in companies master,1499,UNITDSPR,,,,,2015,,,,,,,,,,,,,,,https://www.bseindia.com/bseplus/AnnualReport/532432/5324320315.pdf,,,,,,,,,,,,,,,,,,,,,,,,,,,
1788501606362-ba899c04-documents,DQ-03: company_id not found in companies master,1500,UNITDSPR,,,,,2014,,,,,,,,,,,,,,,https://www.bseindia.com/bseplus/AnnualReport/532432/5324320314.pdf,,,,,,,,,,,,,,,,,,,,,,,,,,,
1788501606362-ba899c04-documents,DQ-03: company_id not found in companies master,1501,UNITDSPR,,,,,2013,,,,,,,,,,,,,,,https://www.bseindia.com/bseplus/AnnualReport/532432/5324320313.pdf,,,,,,,,,,,,,,,,,,,,,,,,,,,
1788501606362-ba899c04-documents,DQ-03: company_id not found in companies master,1502,UNITDSPR,,,,,2012,,,,,,,,,,,,,,,https://www.bseindia.com/bseplus/AnnualReport/532432/5324320312.pdf,,,,,,,,,,,,,,,,,,,,,,,,,,,
1788501606362-ba899c04-documents,DQ-03: company_id not found in companies master,1503,UNITDSPR,,,,,2011,,,,,,,,,,,,,,,Null,,,,,,,,,,,,,,,,,,,,,,,,,,,
1788501606362-ba899c04-documents,DQ-03: company_id not found in companies master,1504,UNITDSPR,,,,,2010,,,,,,,,,,,,,,,Null,,,,,,,,,,,,,,,,,,,,,,,,,,,
1788501606362-ba899c04-documents,DQ-03: company_id not found in companies master,1505,UNITDSPR,,,,,2009,,,,,,,,,,,,,,,Null,,,,,,,,,,,,,,,,,,,,,,,,,,,
1788501606362-ba899c04-documents,DQ-03: company_id not found in companies master,1506,VBL,,,,,2024,,,,,,,,,,,,,,,Null,,,,,,,,,,,,,,,,,,,,,,,,,,,
1788501606362-ba899c04-documents,DQ-03: company_id not found in companies master,1507,VBL,,,,,2023,,,,,,,,,,,,,,,https://www.bseindia.com/xml-data/corpfiling/AttachHis/2a9652ba-0b38-432b-8e1c-04a3c6a60cfd.pdf,,,,,,,,,,,,,,,,,,,,,,,,,,,
1788501606362-ba899c04-documents,DQ-03: company_id not found in companies master,1508,VBL,,,,,2022,,,,,,,,,,,,,,,https://www.bseindia.com/xml-data/corpfiling/AttachHis//357821ff-40cf-4624-82fa-1c19624da856.pdf,,,,,,,,,,,,,,,,,,,,,,,,,,,
1788501606362-ba899c04-documents,DQ-03: company_id not found in companies master,1509,VBL,,,,,2021,,,,,,,,,,,,,,,https://www.bseindia.com/bseplus/AnnualReport/540180/72941540180.pdf,,,,,,,,,,,,,,,,,,,,,,,,,,,
1788501606362-ba899c04-documents,DQ-03: company_id not found in companies master,1510,VBL,,,,,2020,,,,,,,,,,,,,,,https://www.bseindia.com/bseplus/AnnualReport/540180/68364540180.pdf,,,,,,,,,,,,,,,,,,,,,,,,,,,
1788501606362-ba899c04-documents,DQ-03: company_id not found in companies master,1511,VBL,,,,,2019,,,,,,,,,,,,,,,https://www.bseindia.com/bseplus/AnnualReport/540180/5401801219.pdf,,,,,,,,,,,,,,,,,,,,,,,,,,,
1788501606362-ba899c04-documents,DQ-03: company_id not found in companies master,1512,VBL,,,,,2018,,,,,,,,,,,,,,,https://www.bseindia.com/bseplus/AnnualReport/540180/5401801218.pdf,,,,,,,,,,,,,,,,,,,,,,,,,,,
1788501606362-ba899c04-documents,DQ-03: company_id not found in companies master,1513,VBL,,,,,2017,,,,,,,,,,,,,,,https://www.bseindia.com/bseplus/AnnualReport/540180/5401801217.pdf,,,,,,,,,,,,,,,,,,,,,,,,,,,
1788501606362-ba899c04-documents,DQ-03: company_id not found in companies master,1514,VBL,,,,,2016,,,,,,,,,,,,,,,https://www.bseindia.com/bseplus/AnnualReport/540180/5401801216.pdf,,,,,,,,,,,,,,,,,,,,,,,,,,,
1788501606362-ba899c04-documents,DQ-03: company_id not found in companies master,1515,VBL,,,,,2015,,,,,,,,,,,,,,,Null,,,,,,,,,,,,,,,,,,,,,,,,,,,
1788501606362-ba899c04-documents,DQ-03: company_id not found in companies master,1516,VBL,,,,,2014,,,,,,,,,,,,,,,Null,,,,,,,,,,,,,,,,,,,,,,,,,,,
1788501606362-ba899c04-documents,DQ-03: company_id not found in companies master,1517,VBL,,,,,2013,,,,,,,,,,,,,,,Null,,,,,,,,,,,,,,,,,,,,,,,,,,,
1788501606362-ba899c04-documents,DQ-03: company_id not found in companies master,1518,VBL,,,,,2012,,,,,,,,,,,,,,,Null,,,,,,,,,,,,,,,,,,,,,,,,,,,
1788501606362-ba899c04-documents,DQ-03: company_id not found in companies master,1519,VBL,,,,,2011,,,,,,,,,,,,,,,Null,,,,,,,,,,,,,,,,,,,,,,,,,,,
1788501606362-ba899c04-documents,DQ-03: company_id not found in companies master,1520,VBL,,,,,2010,,,,,,,,,,,,,,,Null,,,,,,,,,,,,,,,,,,,,,,,,,,,
1788501606362-ba899c04-documents,DQ-03: company_id not found in companies master,1521,VBL,,,,,2009,,,,,,,,,,,,,,,Null,,,,,,,,,,,,,,,,,,,,,,,,,,,
1788501606362-ba899c04-documents,DQ-03: company_id not found in companies master,1522,VEDL,,,,,2024,,,,,,,,,,,,,,,https://www.bseindia.com/xml-data/corpfiling/AttachHis/d4d3e3bc-fe5a-4184-b181-b5455d60f11a.pdf,,,,,,,,,,,,,,,,,,,,,,,,,,,
1788501606362-ba899c04-documents,DQ-03: company_id not found in companies master,1523,VEDL,,,,,2023,,,,,,,,,,,,,,,https://www.bseindia.com/xml-data/corpfiling/AttachHis//a04c4068-5204-4adb-8611-f12be2663d7d.pdf,,,,,,,,,,,,,,,,,,,,,,,,,,,
1788501606362-ba899c04-documents,DQ-03: company_id not found in companies master,1524,VEDL,,,,,2022,,,,,,,,,,,,,,,https://www.bseindia.com/bseplus/AnnualReport/500295/73739500295.pdf,,,,,,,,,,,,,,,,,,,,,,,,,,,
1788501606362-ba899c04-documents,DQ-03: company_id not found in companies master,1525,VEDL,,,,,2021,,,,,,,,,,,,,,,https://www.bseindia.com/bseplus/AnnualReport/500295/68971500295_28_09_21.pdf,,,,,,,,,,,,,,,,,,,,,,,,,,,
1788501606362-ba899c04-documents,DQ-03: company_id not found in companies master,1526,VEDL,,,,,2020,,,,,,,,,,,,,,,https://www.bseindia.com/bseplus/AnnualReport/500295/66998500295.pdf,,,,,,,,,,,,,,,,,,,,,,,,,,,
1788501606362-ba899c04-documents,DQ-03: company_id not found in companies master,1527,VEDL,,,,,2019,,,,,,,,,,,,,,,https://www.bseindia.com/bseplus/AnnualReport/500295/5002950319.pdf,,,,,,,,,,,,,,,,,,,,,,,,,,,
1788501606362-ba899c04-documents,DQ-03: company_id not found in companies master,1528,VEDL,,,,,2018,,,,,,,,,,,,,,,https://www.bseindia.com/bseplus/AnnualReport/500295/5002950318.pdf,,,,,,,,,,,,,,,,,,,,,,,,,,,
1788501606362-ba899c04-documents,DQ-03: company_id not found in companies master,1529,VEDL,,,,,2017,,,,,,,,,,,,,,,https://www.bseindia.com/bseplus/AnnualReport/500295/5002950317.pdf,,,,,,,,,,,,,,,,,,,,,,,,,,,
1788501606362-ba899c04-documents,DQ-03: company_id not found in companies master,1530,VEDL,,,,,2016,,,,,,,,,,,,,,,https://www.bseindia.com/bseplus/AnnualReport/500295/5002950316.pdf,,,,,,,,,,,,,,,,,,,,,,,,,,,
1788501606362-ba899c04-documents,DQ-03: company_id not found in companies master,1531,VEDL,,,,,2015,,,,,,,,,,,,,,,https://www.bseindia.com/bseplus/AnnualReport/500295/5002950315.pdf,,,,,,,,,,,,,,,,,,,,,,,,,,,
1788501606362-ba899c04-documents,DQ-03: company_id not found in companies master,1532,VEDL,,,,,2014,,,,,,,,,,,,,,,https://www.bseindia.com/bseplus/AnnualReport/500295/5002950312.pdf,,,,,,,,,,,,,,,,,,,,,,,,,,,
1788501606362-ba899c04-documents,DQ-03: company_id not found in companies master,1533,VEDL,,,,,2013,,,,,,,,,,,,,,,https://www.bseindia.com/bseplus/AnnualReport/500295/5002950312.pdf,,,,,,,,,,,,,,,,,,,,,,,,,,,
1788501606362-ba899c04-documents,DQ-03: company_id not found in companies master,1534,VEDL,,,,,2012,,,,,,,,,,,,,,,https://www.bseindia.com/bseplus/AnnualReport/500295/5002950312.pdf,,,,,,,,,,,,,,,,,,,,,,,,,,,
1788501606362-ba899c04-documents,DQ-03: company_id not found in companies master,1535,VEDL,,,,,2011,,,,,,,,,,,,,,,https://www.bseindia.com/bseplus/AnnualReport/500295/5002950311.pdf,,,,,,,,,,,,,,,,,,,,,,,,,,,
1788501606362-ba899c04-documents,DQ-03: company_id not found in companies master,1536,VEDL,,,,,2010,,,,,,,,,,,,,,,Null,,,,,,,,,,,,,,,,,,,,,,,,,,,
1788501606362-ba899c04-documents,DQ-03: company_id not found in companies master,1537,VEDL,,,,,2009,,,,,,,,,,,,,,,Null,,,,,,,,,,,,,,,,,,,,,,,,,,,
1788501606362-ba899c04-documents,DQ-03: company_id not found in companies master,1538,WIPRO,,,,,2024,,,,,,,,,,,,,,,https://www.bseindia.com/xml-data/corpfiling/AttachHis/53cec073-5278-4dcd-9066-2fd101023af5.pdf,,,,,,,,,,,,,,,,,,,,,,,,,,,
1788501606362-ba899c04-documents,DQ-03: company_id not found in companies master,1539,WIPRO,,,,,2023,,,,,,,,,,,,,,,https://www.bseindia.com/xml-data/corpfiling/AttachHis//ea6ff555-0162-4acf-98b2-0ef7a7a26699.pdf,,,,,,,,,,,,,,,,,,,,,,,,,,,
1788501606362-ba899c04-documents,DQ-03: company_id not found in companies master,1540,WIPRO,,,,,2022,,,,,,,,,,,,,,,https://www.bseindia.com/bseplus/AnnualReport/507685/73311507685.pdf,,,,,,,,,,,,,,,,,,,,,,,,,,,
1788501606362-ba899c04-documents,DQ-03: company_id not found in companies master,1541,WIPRO,,,,,2021,,,,,,,,,,,,,,,https://www.bseindia.com/bseplus/AnnualReport/507685/68597507685.pdf,,,,,,,,,,,,,,,,,,,,,,,,,,,
1788501606362-ba899c04-documents,DQ-03: company_id not found in companies master,1542,WIPRO,,,,,2020,,,,,,,,,,,,,,,https://www.bseindia.com/bseplus/AnnualReport/507685/5076850320.pdf,,,,,,,,,,,,,,,,,,,,,,,,,,,
1788501606362-ba899c04-documents,DQ-03: company_id not found in companies master,1543,WIPRO,,,,,2019,,,,,,,,,,,,,,,https://www.bseindia.com/bseplus/AnnualReport/507685/5076850319.pdf,,,,,,,,,,,,,,,,,,,,,,,,,,,
1788501606362-ba899c04-documents,DQ-03: company_id not found in companies master,1544,WIPRO,,,,,2018,,,,,,,,,,,,,,,https://www.bseindia.com/bseplus/AnnualReport/507685/5076850318.pdf,,,,,,,,,,,,,,,,,,,,,,,,,,,
1788501606362-ba899c04-documents,DQ-03: company_id not found in companies master,1545,WIPRO,,,,,2017,,,,,,,,,,,,,,,https://www.bseindia.com/bseplus/AnnualReport/507685/5076850317.pdf,,,,,,,,,,,,,,,,,,,,,,,,,,,
1788501606362-ba899c04-documents,DQ-03: company_id not found in companies master,1546,WIPRO,,,,,2016,,,,,,,,,,,,,,,https://www.bseindia.com/bseplus/AnnualReport/507685/5076850316.pdf,,,,,,,,,,,,,,,,,,,,,,,,,,,
1788501606362-ba899c04-documents,DQ-03: company_id not found in companies master,1547,WIPRO,,,,,2015,,,,,,,,,,,,,,,https://www.bseindia.com/bseplus/AnnualReport/507685/5076850315.pdf,,,,,,,,,,,,,,,,,,,,,,,,,,,
1788501606362-ba899c04-documents,DQ-03: company_id not found in companies master,1548,WIPRO,,,,,2014,,,,,,,,,,,,,,,https://www.bseindia.com/bseplus/AnnualReport/507685/5076850314.pdf,,,,,,,,,,,,,,,,,,,,,,,,,,,
1788501606362-ba899c04-documents,DQ-03: company_id not found in companies master,1549,WIPRO,,,,,2013,,,,,,,,,,,,,,,https://www.bseindia.com/bseplus/AnnualReport/507685/5076850313.pdf,,,,,,,,,,,,,,,,,,,,,,,,,,,
1788501606362-ba899c04-documents,DQ-03: company_id not found in companies master,1550,WIPRO,,,,,2012,,,,,,,,,,,,,,,https://www.bseindia.com/bseplus/AnnualReport/507685/5076850312.pdf,,,,,,,,,,,,,,,,,,,,,,,,,,,
1788501606362-ba899c04-documents,DQ-03: company_id not found in companies master,1551,WIPRO,,,,,2011,,,,,,,,,,,,,,,https://www.bseindia.com/bseplus/AnnualReport/507685/5076850311.pdf,,,,,,,,,,,,,,,,,,,,,,,,,,,
1788501606362-ba899c04-documents,DQ-03: company_id not found in companies master,1552,WIPRO,,,,,2010,,,,,,,,,,,,,,,Null,,,,,,,,,,,,,,,,,,,,,,,,,,,
1788501606362-ba899c04-documents,DQ-03: company_id not found in companies master,1553,WIPRO,,,,,2009,,,,,,,,,,,,,,,Null,,,,,,,,,,,,,,,,,,,,,,,,,,,
1788501606362-ba899c04-documents,DQ-03: company_id not found in companies master,1554,ZOMATO,,,,,2024,,,,,,,,,,,,,,,https://www.bseindia.com/xml-data/corpfiling/AttachHis/629bfe24-4e55-4b14-957e-8c8bc5828ff0.pdf,,,,,,,,,,,,,,,,,,,,,,,,,,,
1788501606362-ba899c04-documents,DQ-03: company_id not found in companies master,1555,ZOMATO,,,,,2023,,,,,,,,,,,,,,,https://www.bseindia.com/xml-data/corpfiling/AttachHis/0e0e9b68-2d04-41bf-9f59-fb539e330baf.pdf,,,,,,,,,,,,,,,,,,,,,,,,,,,
1788501606362-ba899c04-documents,DQ-03: company_id not found in companies master,1556,ZOMATO,,,,,2022,,,,,,,,,,,,,,,https://www.bseindia.com/bseplus/AnnualReport/543320/74160543320.pdf,,,,,,,,,,,,,,,,,,,,,,,,,,,
1788501606362-ba899c04-documents,DQ-03: company_id not found in companies master,1557,ZOMATO,,,,,2021,,,,,,,,,,,,,,,Null,,,,,,,,,,,,,,,,,,,,,,,,,,,
1788501606362-ba899c04-documents,DQ-03: company_id not found in companies master,1558,ZOMATO,,,,,2020,,,,,,,,,,,,,,,Null,,,,,,,,,,,,,,,,,,,,,,,,,,,
1788501606362-ba899c04-documents,DQ-03: company_id not found in companies master,1559,ZOMATO,,,,,2019,,,,,,,,,,,,,,,Null,,,,,,,,,,,,,,,,,,,,,,,,,,,
1788501606362-ba899c04-documents,DQ-03: company_id not found in companies master,1560,ZOMATO,,,,,2018,,,,,,,,,,,,,,,Null,,,,,,,,,,,,,,,,,,,,,,,,,,,
1788501606362-ba899c04-documents,DQ-03: company_id not found in companies master,1561,ZOMATO,,,,,2017,,,,,,,,,,,,,,,Null,,,,,,,,,,,,,,,,,,,,,,,,,,,
1788501606362-ba899c04-documents,DQ-03: company_id not found in companies master,1562,ZOMATO,,,,,2016,,,,,,,,,,,,,,,Null,,,,,,,,,,,,,,,,,,,,,,,,,,,
1788501606362-ba899c04-documents,DQ-03: company_id not found in companies master,1563,ZOMATO,,,,,2015,,,,,,,,,,,,,,,Null,,,,,,,,,,,,,,,,,,,,,,,,,,,
1788501606362-ba899c04-documents,DQ-03: company_id not found in companies master,1564,ZOMATO,,,,,2014,,,,,,,,,,,,,,,Null,,,,,,,,,,,,,,,,,,,,,,,,,,,
1788501606362-ba899c04-documents,DQ-03: company_id not found in companies master,1565,ZOMATO,,,,,2013,,,,,,,,,,,,,,,Null,,,,,,,,,,,,,,,,,,,,,,,,,,,
1788501606362-ba899c04-documents,DQ-03: company_id not found in companies master,1566,ZOMATO,,,,,2012,,,,,,,,,,,,,,,Null,,,,,,,,,,,,,,,,,,,,,,,,,,,
1788501606362-ba899c04-documents,DQ-03: company_id not found in companies master,1567,ZOMATO,,,,,2011,,,,,,,,,,,,,,,Null,,,,,,,,,,,,,,,,,,,,,,,,,,,
1788501606362-ba899c04-documents,DQ-03: company_id not found in companies master,1568,ZOMATO,,,,,2010,,,,,,,,,,,,,,,Null,,,,,,,,,,,,,,,,,,,,,,,,,,,
1788501606362-ba899c04-documents,DQ-03: company_id not found in companies master,1569,ZOMATO,,,,,2009,,,,,,,,,,,,,,,Null,,,,,,,,,,,,,,,,,,,,,,,,,,,
1788501606362-ba899c04-documents,DQ-03: company_id not found in companies master,1570,ZYDUSLIFE,,,,,2024,,,,,,,,,,,,,,,https://www.bseindia.com/xml-data/corpfiling/AttachHis/cb20386b-4a53-40b3-a9fb-dc63f99696f3.pdf,,,,,,,,,,,,,,,,,,,,,,,,,,,
1788501606362-ba899c04-documents,DQ-03: company_id not found in companies master,1571,ZYDUSLIFE,,,,,2023,,,,,,,,,,,,,,,https://www.bseindia.com/xml-data/corpfiling/AttachHis//fca8fc8e-6400-47eb-bbbe-1eaefff703d4.pdf,,,,,,,,,,,,,,,,,,,,,,,,,,,
1788501606362-ba899c04-documents,DQ-03: company_id not found in companies master,1572,ZYDUSLIFE,,,,,2022,,,,,,,,,,,,,,,https://www.bseindia.com/bseplus/AnnualReport/532321/73737532321.pdf,,,,,,,,,,,,,,,,,,,,,,,,,,,
1788501606362-ba899c04-documents,DQ-03: company_id not found in companies master,1573,ZYDUSLIFE,,,,,2021,,,,,,,,,,,,,,,https://www.bseindia.com/bseplus/AnnualReport/532321/68976532321.pdf,,,,,,,,,,,,,,,,,,,,,,,,,,,
1788501606362-ba899c04-documents,DQ-03: company_id not found in companies master,1574,ZYDUSLIFE,,,,,2020,,,,,,,,,,,,,,,https://www.bseindia.com/bseplus/AnnualReport/532321/5323210320.pdf,,,,,,,,,,,,,,,,,,,,,,,,,,,
1788501606362-ba899c04-documents,DQ-03: company_id not found in companies master,1575,ZYDUSLIFE,,,,,2019,,,,,,,,,,,,,,,https://www.bseindia.com/bseplus/AnnualReport/532321/5323210319.pdf,,,,,,,,,,,,,,,,,,,,,,,,,,,
1788501606362-ba899c04-documents,DQ-03: company_id not found in companies master,1576,ZYDUSLIFE,,,,,2018,,,,,,,,,,,,,,,https://www.bseindia.com/bseplus/AnnualReport/532321/5323210318.pdf,,,,,,,,,,,,,,,,,,,,,,,,,,,
1788501606362-ba899c04-documents,DQ-03: company_id not found in companies master,1577,ZYDUSLIFE,,,,,2017,,,,,,,,,,,,,,,https://www.bseindia.com/bseplus/AnnualReport/532321/5323210317.pdf,,,,,,,,,,,,,,,,,,,,,,,,,,,
1788501606362-ba899c04-documents,DQ-03: company_id not found in companies master,1578,ZYDUSLIFE,,,,,2016,,,,,,,,,,,,,,,https://www.bseindia.com/bseplus/AnnualReport/532321/5323210316.pdf,,,,,,,,,,,,,,,,,,,,,,,,,,,
1788501606362-ba899c04-documents,DQ-03: company_id not found in companies master,1579,ZYDUSLIFE,,,,,2015,,,,,,,,,,,,,,,https://www.bseindia.com/bseplus/AnnualReport/532321/5323210315.pdf,,,,,,,,,,,,,,,,,,,,,,,,,,,
1788501606362-ba899c04-documents,DQ-03: company_id not found in companies master,1580,ZYDUSLIFE,,,,,2014,,,,,,,,,,,,,,,https://www.bseindia.com/bseplus/AnnualReport/532321/5323210314.pdf,,,,,,,,,,,,,,,,,,,,,,,,,,,
1788501606362-ba899c04-documents,DQ-03: company_id not found in companies master,1581,ZYDUSLIFE,,,,,2013,,,,,,,,,,,,,,,https://www.bseindia.com/bseplus/AnnualReport/532321/5323210313.pdf,,,,,,,,,,,,,,,,,,,,,,,,,,,
1788501606362-ba899c04-documents,DQ-03: company_id not found in companies master,1582,ZYDUSLIFE,,,,,2012,,,,,,,,,,,,,,,https://www.bseindia.com/bseplus/AnnualReport/532321/5323210312.pdf,,,,,,,,,,,,,,,,,,,,,,,,,,,
1788501606362-ba899c04-documents,DQ-03: company_id not found in companies master,1583,ZYDUSLIFE,,,,,2011,,,,,,,,,,,,,,,https://www.bseindia.com/bseplus/AnnualReport/532321/5323210311.pdf,,,,,,,,,,,,,,,,,,,,,,,,,,,
1788501606362-ba899c04-documents,DQ-03: company_id not found in companies master,1584,ZYDUSLIFE,,,,,2010,,,,,,,,,,,,,,,Null,,,,,,,,,,,,,,,,,,,,,,,,,,,
1788501606362-ba899c04-documents,DQ-03: company_id not found in companies master,1585,ZYDUSLIFE,,,,,2009,,,,,,,,,,,,,,,Null,,,,,,,,,,,,,,,,,,,,,,,,,,,
1788501607124-aad40f4f-profitandloss,DQ-03: company_id not found in companies master,1263,ULTRACEMCO,,,,,Mar 2013,,,,,,,,,,,,,,,,20514.0,15674.0,4839.0,24.0,304.0,252.0,1023.0,3867.0,30.0,2688.0,98.0,9.0,,,,,,,,,,,,,,,
1788501607124-aad40f4f-profitandloss,DQ-03: company_id not found in companies master,1264,ULTRACEMCO,,,,,Mar 2014,,,,,,,,,,,,,,,,20730.0,16695.0,4035.0,19.0,322.0,361.0,1139.0,2858.0,23.0,2213.0,80.0,11.0,,,,,,,,,,,,,,,
1788501607124-aad40f4f-profitandloss,DQ-03: company_id not found in companies master,1265,ULTRACEMCO,,,,,Mar 2015,,,,,,,,,,,,,,,,23306.0,18881.0,4425.0,19.0,350.0,587.0,1203.0,2986.0,30.0,2102.0,76.0,12.0,,,,,,,,,,,,,,,
1788501607124-aad40f4f-profitandloss,DQ-03: company_id not found in companies master,1266,ULTRACEMCO,,,,,Mar 2016,,,,,,,,,,,,,,,,25153.0,20252.0,4901.0,19.0,464.0,566.0,1377.0,3421.0,28.0,2480.0,90.0,11.0,,,,,,,,,,,,,,,
1788501607124-aad40f4f-profitandloss,DQ-03: company_id not found in companies master,1267,ULTRACEMCO,,,,,Mar 2017,,,,,,,,,,,,,,,,25375.0,20162.0,5212.0,21.0,648.0,640.0,1348.0,3872.0,30.0,2714.0,99.0,10.0,,,,,,,,,,,,,,,
1788501607124-aad40f4f-profitandloss,DQ-03: company_id not found in companies master,1268,ULTRACEMCO,,,,,Mar 2018,,,,,,,,,,,,,,,,30979.0,24834.0,6145.0,20.0,242.0,1238.0,1848.0,3301.0,33.0,2224.0,81.0,13.0,,,,,,,,,,,,,,,
1788501607124-aad40f4f-profitandloss,DQ-03: company_id not found in companies master,1269,ULTRACEMCO,,,,,Mar 2019,,,,,,,,,,,,,,,,41462.0,34115.0,7347.0,18.0,350.0,1778.0,2451.0,3468.0,31.0,2400.0,88.0,13.0,,,,,,,,,,,,,,,
1788501607124-aad40f4f-profitandloss,DQ-03: company_id not found in companies master,1270,ULTRACEMCO,,,,,Mar 2020,,,,,,,,,,,,,,,,42430.0,33184.0,9246.0,22.0,651.0,1992.0,2723.0,5183.0,-11.0,5751.0,199.0,7.0,,,,,,,,,,,,,,,
1788501607124-aad40f4f-profitandloss,DQ-03: company_id not found in companies master,1271,ULTRACEMCO,,,,,Mar 2021,,,,,,,,,,,,,,,,44726.0,33158.0,11568.0,26.0,619.0,1486.0,2700.0,8001.0,32.0,5462.0,189.0,20.0,,,,,,,,,,,,,,,
1788501607124-aad40f4f-profitandloss,DQ-03: company_id not found in companies master,1272,ULTRACEMCO,,,,,Mar 2022,,,,,,,,,,,,,,,,52599.0,41084.0,11514.0,22.0,669.0,945.0,2715.0,8524.0,14.0,7334.0,254.0,15.0,,,,,,,,,,,,,,,
1788501607124-aad40f4f-profitandloss,DQ-03: company_id not found in companies master,1273,ULTRACEMCO,,,,,Mar 2023,,,,,,,,,,,,,,,,63240.0,52620.0,10620.0,17.0,507.0,823.0,2888.0,7416.0,32.0,5073.0,175.0,22.0,,,,,,,,,,,,,,,
1788501607124-aad40f4f-profitandloss,DQ-03: company_id not found in companies master,1274,ULTRACEMCO,,,,,Mar 2024,,,,,,,,,,,,,,,,70908.0,57940.0,12969.0,18.0,567.0,968.0,3145.0,9422.0,26.0,7004.0,243.0,29.0,,,,,,,,,,,,,,,
1788501607124-aad40f4f-profitandloss,DQ-03: company_id not found in companies master,1275,ULTRACEMCO,,,,,TTM,,,,,,,,,,,,,,,,71317.0,59261.0,12056.0,17.0,739.0,1216.0,3478.0,8101.0,,6252.0,216.0,,,,,,,,,,,,,,,,
1788501607124-aad40f4f-profitandloss,DQ-03: company_id not found in companies master,1276,UNIONBANK,,,,,Mar 2013,,,,,,,,,,,,,,,,25169.0,7268.0,325.0,1.0,2868.0,17575.0,156.0,3037.0,30.0,2146.0,36.0,22.0,,,,,,,,,,,,,,,
1788501607124-aad40f4f-profitandloss,DQ-03: company_id not found in companies master,1277,UNIONBANK,,,,,Mar 2014,,,,,,,,,,,,,,,,29394.0,8829.0,-902.0,-3.0,3141.0,21467.0,198.0,2040.0,18.0,1687.0,27.0,15.0,,,,,,,,,,,,,,,
1788501607124-aad40f4f-profitandloss,DQ-03: company_id not found in companies master,1278,UNIONBANK,,,,,Mar 2015,,,,,,,,,,,,,,,,32164.0,9498.0,-973.0,-3.0,3957.0,23640.0,225.0,2759.0,36.0,1771.0,28.0,22.0,,,,,,,,,,,,,,,
1788501607124-aad40f4f-profitandloss,DQ-03: company_id not found in companies master,1279,UNIONBANK,,,,,Mar 2016,,,,,,,,,,,,,,,,32316.0,10349.0,-1928.0,-6.0,3934.0,23894.0,249.0,1758.0,24.0,1347.0,20.0,10.0,,,,,,,,,,,,,,,
1788501607124-aad40f4f-profitandloss,DQ-03: company_id not found in companies master,1280,UNIONBANK,,,,,Mar 2017,,,,,,,,,,,,,,,,32817.0,13871.0,-4830.0,-15.0,5430.0,23771.0,241.0,359.0,-58.0,573.0,8.0,0.0,,,,,,,,,,,,,,,
1788501607124-aad40f4f-profitandloss,DQ-03: company_id not found in companies master,1281,UNIONBANK,,,,,Mar 2018,,,,,,,,,,,,,,,,32952.0,21181.0,-11700.0,-36.0,5462.0,23471.0,368.0,-6607.0,-21.0,-5212.0,-45.0,0.0,,,,,,,,,,,,,,,
1788501607124-aad40f4f-profitandloss,DQ-03: company_id not found in companies master,1282,UNIONBANK,,,,,Mar 2019,,,,,,,,,,,,,,,,34314.0,19019.0,-8601.0,-25.0,5042.0,23896.0,374.0,-3933.0,-25.0,-2922.0,-17.0,0.0,,,,,,,,,,,,,,,
1788501607124-aad40f4f-profitandloss,DQ-03: company_id not found in companies master,1283,UNIONBANK,,,,,Mar 2020,,,,,,,,,,,,,,,,37479.0,21166.0,-9523.0,-25.0,5789.0,25837.0,417.0,-4151.0,-27.0,-3121.0,-9.0,0.0,,,,,,,,,,,,,,,
1788501607124-aad40f4f-profitandloss,DQ-03: company_id not found in companies master,1284,UNIONBANK,,,,,Mar 2021,,,,,,,,,,,,,,,,69311.0,36270.0,-11071.0,-16.0,14307.0,44112.0,908.0,2327.0,-22.0,2863.0,4.0,0.0,,,,,,,,,,,,,,,
1788501607124-aad40f4f-profitandloss,DQ-03: company_id not found in companies master,1285,UNIONBANK,,,,,Mar 2022,,,,,,,,,,,,,,,,68230.0,32264.0,-4213.0,-6.0,13524.0,40178.0,745.0,8566.0,39.0,5265.0,8.0,25.0,,,,,,,,,,,,,,,
1788501607124-aad40f4f-profitandloss,DQ-03: company_id not found in companies master,1286,UNIONBANK,,,,,Mar 2023,,,,,,,,,,,,,,,,81163.0,36155.0,-3024.0,-4.0,15915.0,48033.0,745.0,12147.0,31.0,8512.0,12.0,24.0,,,,,,,,,,,,,,,
1788501607124-aad40f4f-profitandloss,DQ-03: company_id not found in companies master,1287,UNIONBANK,,,,,Mar 2024,,,,,,,,,,,,,,,,100376.0,32422.0,4590.0,5.0,17813.0,63364.0,895.0,21508.0,36.0,13797.0,18.0,20.0,,,,,,,,,,,,,,,
1788501607124-aad40f4f-profitandloss,DQ-03: company_id not found in companies master,1288,UNIONBANK,,,,,TTM,,,,,,,,,,,,,,,,107058.0,35514.0,2090.0,2.0,20440.0,69454.0,0.0,22530.0,,16344.0,21.0,,,,,,,,,,,,,,,,
1788501607124-aad40f4f-profitandloss,DQ-03: company_id not found in companies master,1289,UNITDSPR,,,,,Mar 2013,,,,,,,,,,,,,,,,10378.0,9287.0,1091.0,11.0,146.0,985.0,178.0,73.0,99.0,-105.0,-2.0,-31.0,,,,,,,,,,,,,,,
1788501607124-aad40f4f-profitandloss,DQ-03: company_id not found in companies master,1290,UNITDSPR,,,,,Mar 2014,,,,,,,,,,,,,,,,10508.0,13876.0,-3368.0,-32.0,681.0,1323.0,203.0,-4213.0,7.0,-4489.0,-62.0,0.0,,,,,,,,,,,,,,,
1788501607124-aad40f4f-profitandloss,DQ-03: company_id not found in companies master,1291,UNITDSPR,,,,,Mar 2015,,,,,,,,,,,,,,,,9254.0,9619.0,-366.0,-4.0,-360.0,687.0,223.0,-1635.0,3.0,-1687.0,-23.0,0.0,,,,,,,,,,,,,,,
1788501607124-aad40f4f-profitandloss,DQ-03: company_id not found in companies master,1292,UNITDSPR,,,,,Mar 2016,,,,,,,,,,,,,,,,8495.0,8162.0,333.0,4.0,648.0,457.0,157.0,366.0,61.0,143.0,2.0,0.0,,,,,,,,,,,,,,,
1788501607124-aad40f4f-profitandloss,DQ-03: company_id not found in companies master,1293,UNITDSPR,,,,,Mar 2017,,,,,,,,,,,,,,,,8818.0,7826.0,991.0,11.0,-265.0,375.0,189.0,163.0,43.0,93.0,1.0,0.0,,,,,,,,,,,,,,,
1788501607124-aad40f4f-profitandloss,DQ-03: company_id not found in companies master,1294,UNITDSPR,,,,,Mar 2018,,,,,,,,,,,,,,,,8591.0,7381.0,1209.0,14.0,172.0,278.0,192.0,912.0,28.0,652.0,9.0,0.0,,,,,,,,,,,,,,,
1788501607124-aad40f4f-profitandloss,DQ-03: company_id not found in companies master,1295,UNITDSPR,,,,,Mar 2019,,,,,,,,,,,,,,,,9341.0,7947.0,1394.0,15.0,70.0,237.0,215.0,1012.0,32.0,684.0,10.0,0.0,,,,,,,,,,,,,,,
1788501607124-aad40f4f-profitandloss,DQ-03: company_id not found in companies master,1296,UNITDSPR,,,,,Mar 2020,,,,,,,,,,,,,,,,9325.0,7756.0,1569.0,17.0,89.0,212.0,285.0,1160.0,47.0,621.0,9.0,0.0,,,,,,,,,,,,,,,
1788501607124-aad40f4f-profitandloss,DQ-03: company_id not found in companies master,1297,UNITDSPR,,,,,Mar 2021,,,,,,,,,,,,,,,,8131.0,7080.0,1051.0,13.0,-25.0,188.0,299.0,540.0,33.0,362.0,5.0,0.0,,,,,,,,,,,,,,,
1788501607124-aad40f4f-profitandloss,DQ-03: company_id not found in companies master,1298,UNITDSPR,,,,,Mar 2022,,,,,,,,,,,,,,,,9712.0,8117.0,1595.0,16.0,-117.0,88.0,304.0,1087.0,25.0,811.0,11.0,0.0,,,,,,,,,,,,,,,
1788501607124-aad40f4f-profitandloss,DQ-03: company_id not found in companies master,1299,UNITDSPR,,,,,Mar 2023,,,,,,,,,,,,,,,,10612.0,9195.0,1417.0,13.0,249.0,104.0,283.0,1279.0,12.0,1126.0,16.0,0.0,,,,,,,,,,,,,,,
1788501607124-aad40f4f-profitandloss,DQ-03: company_id not found in companies master,1300,UNITDSPR,,,,,Mar 2024,,,,,,,,,,,,,,,,11321.0,9321.0,2000.0,18.0,208.0,76.0,275.0,1857.0,24.0,1408.0,19.0,46.0,,,,,,,,,,,,,,,
1788501607124-aad40f4f-profitandloss,DQ-03: company_id not found in companies master,1301,UNITDSPR,,,,,TTM,,,,,,,,,,,,,,,,11821.0,9710.0,2111.0,18.0,176.0,96.0,286.0,1905.0,,1402.0,19.0,,,,,,,,,,,,,,,,
1788501607124-aad40f4f-profitandloss,DQ-03: company_id not found in companies master,1302,VBL,,,,,Dec 2012,,,,,,,,,,,,,,,,1800.0,1572.0,228.0,13.0,44.0,116.0,136.0,21.0,-20.0,25.0,2.0,0.0,,,,,,,,,,,,,,,
1788501607124-aad40f4f-profitandloss,DQ-03: company_id not found in companies master,1303,VBL,,,,,Dec 2013,,,,,,,,,,,,,,,,2115.0,1824.0,291.0,14.0,19.0,171.0,184.0,-46.0,-11.0,-40.0,0.0,0.0,,,,,,,,,,,,,,,
1788501607124-aad40f4f-profitandloss,DQ-03: company_id not found in companies master,1304,VBL,,,,,Dec 2014,,,,,,,,,,,,,,,,2502.0,2116.0,387.0,15.0,14.0,187.0,210.0,4.0,99.0,-20.0,0.0,0.0,,,,,,,,,,,,,,,
1788501607124-aad40f4f-profitandloss,DQ-03: company_id not found in companies master,1305,VBL,,,,,Dec 2015,,,,,,,,,,,,,,,,3394.0,2752.0,642.0,19.0,36.0,170.0,317.0,191.0,41.0,113.0,1.0,0.0,,,,,,,,,,,,,,,
1788501607124-aad40f4f-profitandloss,DQ-03: company_id not found in companies master,1306,VBL,,,,,Dec 2016,,,,,,,,,,,,,,,,3861.0,3052.0,810.0,21.0,27.0,435.0,322.0,79.0,39.0,48.0,0.0,0.0,,,,,,,,,,,,,,,
1788501607124-aad40f4f-profitandloss,DQ-03: company_id not found in companies master,1307,VBL,,,,,Dec 2017,,,,,,,,,,,,,,,,4004.0,3165.0,838.0,21.0,14.0,215.0,347.0,291.0,26.0,214.0,1.0,22.0,,,,,,,,,,,,,,,
1788501607124-aad40f4f-profitandloss,DQ-03: company_id not found in companies master,1308,VBL,,,,,Dec 2018,,,,,,,,,,,,,,,,5105.0,4069.0,1036.0,20.0,6.0,223.0,385.0,434.0,31.0,300.0,1.0,16.0,,,,,,,,,,,,,,,
1788501607124-aad40f4f-profitandloss,DQ-03: company_id not found in companies master,1309,VBL,,,,,Dec 2019,,,,,,,,,,,,,,,,7130.0,5667.0,1462.0,21.0,47.0,324.0,489.0,696.0,32.0,472.0,1.0,15.0,,,,,,,,,,,,,,,
1788501607124-aad40f4f-profitandloss,DQ-03: company_id not found in companies master,1310,VBL,,,,,Dec 2020,,,,,,,,,,,,,,,,6450.0,5235.0,1215.0,19.0,-30.0,294.0,529.0,363.0,1.0,357.0,1.0,22.0,,,,,,,,,,,,,,,
1788501607124-aad40f4f-profitandloss,DQ-03: company_id not found in companies master,1311,VBL,,,,,Dec 2021,,,,,,,,,,,,,,,,8823.0,7129.0,1694.0,19.0,51.0,207.0,531.0,1007.0,26.0,746.0,2.0,16.0,,,,,,,,,,,,,,,
1788501607124-aad40f4f-profitandloss,DQ-03: company_id not found in companies master,1312,VBL,,,,,Dec 2022,,,,,,,,,,,,,,,,13173.0,10310.0,2863.0,22.0,-18.0,204.0,617.0,2024.0,23.0,1550.0,5.0,15.0,,,,,,,,,,,,,,,
1788501607124-aad40f4f-profitandloss,DQ-03: company_id not found in companies master,1313,VBL,,,,,Dec 2023,,,,,,,,,,,,,,,,16043.0,12326.0,3717.0,23.0,-5.0,292.0,681.0,2739.0,23.0,2102.0,6.0,16.0,,,,,,,,,,,,,,,
1788501607124-aad40f4f-profitandloss,DQ-03: company_id not found in companies master,1314,VBL,,,,,TTM,,,,,,,,,,,,,,,,18987.0,14438.0,4549.0,24.0,86.0,415.0,853.0,3367.0,,2582.0,8.0,,,,,,,,,,,,,,,,
1788501607124-aad40f4f-profitandloss,DQ-03: company_id not found in companies master,1315,VEDL,,,,,Mar 2013,,,,,,,,,,,,,,,,2749.0,2283.0,465.0,17.0,33.0,475.0,197.0,-174.0,-25.0,2280.0,26.0,0.0,,,,,,,,,,,,,,,
1788501607124-aad40f4f-profitandloss,DQ-03: company_id not found in companies master,1316,VEDL,,,,,Mar 2014,,,,,,,,,,,,,,,,66152.0,46557.0,19595.0,30.0,1874.0,5094.0,6882.0,9493.0,-9.0,11421.0,21.0,15.0,,,,,,,,,,,,,,,
1788501607124-aad40f4f-profitandloss,DQ-03: company_id not found in companies master,1317,VEDL,,,,,Mar 2015,,,,,,,,,,,,,,,,73710.0,51595.0,22114.0,30.0,-19222.0,5659.0,7159.0,-9925.0,15.0,-11369.0,-53.0,-8.0,,,,,,,,,,,,,,,
1788501607124-aad40f4f-profitandloss,DQ-03: company_id not found in companies master,1318,VEDL,,,,,Mar 2016,,,,,,,,,,,,,,,,64262.0,82741.0,-18479.0,-29.0,4290.0,5778.0,8572.0,-28540.0,-37.0,-17862.0,-41.0,-8.0,,,,,,,,,,,,,,,
1788501607124-aad40f4f-profitandloss,DQ-03: company_id not found in companies master,1319,VEDL,,,,,Mar 2017,,,,,,,,,,,,,,,,72225.0,50849.0,21376.0,30.0,4423.0,5855.0,6292.0,13652.0,17.0,11316.0,23.0,83.0,,,,,,,,,,,,,,,
1788501607124-aad40f4f-profitandloss,DQ-03: company_id not found in companies master,1320,VEDL,,,,,Mar 2018,,,,,,,,,,,,,,,,91866.0,66989.0,24877.0,27.0,6087.0,5112.0,6283.0,19569.0,30.0,13692.0,28.0,76.0,,,,,,,,,,,,,,,
1788501607124-aad40f4f-profitandloss,DQ-03: company_id not found in companies master,1321,VEDL,,,,,Mar 2019,,,,,,,,,,,,,,,,92048.0,68877.0,23171.0,25.0,4270.0,5689.0,8192.0,13560.0,28.0,9698.0,19.0,99.0,,,,,,,,,,,,,,,
1788501607124-aad40f4f-profitandloss,DQ-03: company_id not found in companies master,1322,VEDL,,,,,Mar 2020,,,,,,,,,,,,,,,,84447.0,63704.0,20743.0,25.0,-14932.0,4977.0,9093.0,-8259.0,-43.0,-4744.0,-18.0,-22.0,,,,,,,,,,,,,,,
1788501607124-aad40f4f-profitandloss,DQ-03: company_id not found in companies master,1323,VEDL,,,,,Mar 2021,,,,,,,,,,,,,,,,88021.0,60703.0,27318.0,31.0,2743.0,5210.0,7638.0,17213.0,13.0,15032.0,31.0,30.0,,,,,,,,,,,,,,,
1788501607124-aad40f4f-profitandloss,DQ-03: company_id not found in companies master,1324,VEDL,,,,,Mar 2022,,,,,,,,,,,,,,,,132732.0,87908.0,44824.0,34.0,1832.0,4797.0,8895.0,32964.0,28.0,23710.0,51.0,89.0,,,,,,,,,,,,,,,
1788501607124-aad40f4f-profitandloss,DQ-03: company_id not found in companies master,1325,VEDL,,,,,Mar 2023,,,,,,,,,,,,,,,,147308.0,112877.0,34431.0,23.0,2625.0,6225.0,10555.0,20276.0,28.0,14503.0,28.0,357.0,,,,,,,,,,,,,,,
1788501607124-aad40f4f-profitandloss,DQ-03: company_id not found in companies master,1326,VEDL,,,,,Mar 2024,,,,,,,,,,,,,,,,143727.0,108415.0,35312.0,25.0,5239.0,9465.0,10723.0,20363.0,63.0,7539.0,11.0,259.0,,,,,,,,,,,,,,,
1788501607124-aad40f4f-profitandloss,DQ-03: company_id not found in companies master,1327,VEDL,,,,,TTM,,,,,,,,,,,,,,,,144448.0,107376.0,37072.0,26.0,5266.0,9721.0,10958.0,21659.0,,15841.0,30.0,,,,,,,,,,,,,,,,
1788501607124-aad40f4f-profitandloss,DQ-03: company_id not found in companies master,1328,WIPRO,,,,,Mar 2013,,,,,,,,,,,,,,,,37430.0,29773.0,7657.0,20.0,1440.0,289.0,940.0,7869.0,21.0,6182.0,5.0,28.0,,,,,,,,,,,,,,,
1788501607124-aad40f4f-profitandloss,DQ-03: company_id not found in companies master,1329,WIPRO,,,,,Mar 2014,,,,,,,,,,,,,,,,43424.0,33788.0,9635.0,22.0,1922.0,383.0,1060.0,10114.0,21.0,7991.0,6.0,25.0,,,,,,,,,,,,,,,
1788501607124-aad40f4f-profitandloss,DQ-03: company_id not found in companies master,1330,WIPRO,,,,,Mar 2015,,,,,,,,,,,,,,,,46951.0,36652.0,10299.0,22.0,2450.0,350.0,1175.0,11224.0,22.0,8714.0,7.0,34.0,,,,,,,,,,,,,,,
1788501607124-aad40f4f-profitandloss,DQ-03: company_id not found in companies master,1331,WIPRO,,,,,Mar 2016,,,,,,,,,,,,,,,,51244.0,40448.0,10796.0,21.0,2752.0,558.0,1496.0,11494.0,22.0,8957.0,7.0,17.0,,,,,,,,,,,,,,,
1788501607124-aad40f4f-profitandloss,DQ-03: company_id not found in companies master,1332,WIPRO,,,,,Mar 2017,,,,,,,,,,,,,,,,55448.0,44128.0,11321.0,20.0,2623.0,594.0,2310.0,11039.0,23.0,8518.0,7.0,6.0,,,,,,,,,,,,,,,
1788501607124-aad40f4f-profitandloss,DQ-03: company_id not found in companies master,1333,WIPRO,,,,,Mar 2018,,,,,,,,,,,,,,,,54487.0,44100.0,10387.0,19.0,2550.0,583.0,2112.0,10242.0,22.0,8003.0,7.0,6.0,,,,,,,,,,,,,,,
1788501607124-aad40f4f-profitandloss,DQ-03: company_id not found in companies master,1334,WIPRO,,,,,Mar 2019,,,,,,,,,,,,,,,,59019.0,47406.0,11613.0,20.0,2614.0,738.0,1947.0,11542.0,22.0,9018.0,7.0,7.0,,,,,,,,,,,,,,,
1788501607124-aad40f4f-profitandloss,DQ-03: company_id not found in companies master,1335,WIPRO,,,,,Mar 2020,,,,,,,,,,,,,,,,61138.0,48795.0,12342.0,20.0,2728.0,733.0,2086.0,12252.0,20.0,9772.0,9.0,6.0,,,,,,,,,,,,,,,
1788501607124-aad40f4f-profitandloss,DQ-03: company_id not found in companies master,1336,WIPRO,,,,,Mar 2021,,,,,,,,,,,,,,,,61935.0,47164.0,14771.0,24.0,2404.0,509.0,2763.0,13903.0,22.0,10868.0,10.0,5.0,,,,,,,,,,,,,,,
1788501607124-aad40f4f-profitandloss,DQ-03: company_id not found in companies master,1337,WIPRO,,,,,Mar 2022,,,,,,,,,,,,,,,,79312.0,62628.0,16684.0,21.0,2067.0,532.0,3078.0,15141.0,19.0,12243.0,11.0,27.0,,,,,,,,,,,,,,,
1788501607124-aad40f4f-profitandloss,DQ-03: company_id not found in companies master,1338,WIPRO,,,,,Mar 2023,,,,,,,,,,,,,,,,90488.0,73649.0,16839.0,19.0,2275.0,1008.0,3340.0,14766.0,23.0,11366.0,10.0,5.0,,,,,,,,,,,,,,,
1788501607124-aad40f4f-profitandloss,DQ-03: company_id not found in companies master,1339,WIPRO,,,,,Mar 2024,,,,,,,,,,,,,,,,89760.0,73008.0,16752.0,19.0,2631.0,1255.0,3407.0,14721.0,25.0,11112.0,11.0,5.0,,,,,,,,,,,,,,,
1788501607124-aad40f4f-profitandloss,DQ-03: company_id not found in companies master,1340,WIPRO,,,,,TTM,,,,,,,,,,,,,,,,88792.0,71019.0,17773.0,20.0,3349.0,1431.0,3077.0,16615.0,,12488.0,12.0,,,,,,,,,,,,,,,,
1788501607124-aad40f4f-profitandloss,DQ-03: company_id not found in companies master,1341,ZOMATO,,,,,Mar 2018,,,,,,,,,,,,,,,,466.0,558.0,-92.0,-20.0,21.0,6.0,29.0,-107.0,0.0,-107.0,-3070.0,0.0,,,,,,,,,,,,,,,
1788501607124-aad40f4f-profitandloss,DQ-03: company_id not found in companies master,1342,ZOMATO,,,,,Mar 2019,,,,,,,,,,,,,,,,1313.0,3556.0,-2243.0,-171.0,1285.0,9.0,43.0,-1010.0,0.0,-1010.0,-28574.0,0.0,,,,,,,,,,,,,,,
1788501607124-aad40f4f-profitandloss,DQ-03: company_id not found in companies master,1343,ZOMATO,,,,,Mar 2020,,,,,,,,,,,,,,,,2605.0,4909.0,-2305.0,-88.0,16.0,13.0,84.0,-2386.0,0.0,-2386.0,-70097.0,0.0,,,,,,,,,,,,,,,
1788501607124-aad40f4f-profitandloss,DQ-03: company_id not found in companies master,1344,ZOMATO,,,,,Mar 2021,,,,,,,,,,,,,,,,1994.0,2461.0,-467.0,-23.0,-200.0,10.0,138.0,-815.0,0.0,-816.0,-23124.0,0.0,,,,,,,,,,,,,,,
1788501607124-aad40f4f-profitandloss,DQ-03: company_id not found in companies master,1345,ZOMATO,,,,,Mar 2022,,,,,,,,,,,,,,,,4192.0,6043.0,-1851.0,-44.0,793.0,12.0,150.0,-1220.0,0.0,-1222.0,-2.0,0.0,,,,,,,,,,,,,,,
1788501607124-aad40f4f-profitandloss,DQ-03: company_id not found in companies master,1346,ZOMATO,,,,,Mar 2023,,,,,,,,,,,,,,,,7079.0,8290.0,-1211.0,-17.0,682.0,49.0,437.0,-1015.0,-4.0,-971.0,-1.0,0.0,,,,,,,,,,,,,,,
1788501607124-aad40f4f-profitandloss,DQ-03: company_id not found in companies master,1347,ZOMATO,,,,,Mar 2024,,,,,,,,,,,,,,,,12114.0,12071.0,43.0,0.0,846.0,72.0,526.0,291.0,-21.0,351.0,0.0,0.0,,,,,,,,,,,,,,,
1788501607124-aad40f4f-profitandloss,DQ-03: company_id not found in companies master,1348,ZOMATO,,,,,TTM,,,,,,,,,,,,,,,,17972.0,17321.0,651.0,4.0,944.0,118.0,716.0,761.0,,663.0,1.0,,,,,,,,,,,,,,,,
1788501607124-aad40f4f-profitandloss,DQ-03: company_id not found in companies master,1349,ZYDUSLIFE,,,,,Mar 2013,,,,,,,,,,,,,,,,6358.0,5228.0,1130.0,18.0,32.0,169.0,185.0,809.0,15.0,690.0,6.0,24.0,,,,,,,,,,,,,,,
1788501607124-aad40f4f-profitandloss,DQ-03: company_id not found in companies master,1350,ZYDUSLIFE,,,,,Mar 2014,,,,,,,,,,,,,,,,7224.0,6021.0,1203.0,17.0,30.0,90.0,201.0,942.0,11.0,836.0,8.0,23.0,,,,,,,,,,,,,,,
1788501607124-aad40f4f-profitandloss,DQ-03: company_id not found in companies master,1351,ZYDUSLIFE,,,,,Mar 2015,,,,,,,,,,,,,,,,8651.0,6896.0,1756.0,20.0,45.0,68.0,287.0,1446.0,18.0,1188.0,11.0,21.0,,,,,,,,,,,,,,,
1788501607124-aad40f4f-profitandloss,DQ-03: company_id not found in companies master,1352,ZYDUSLIFE,,,,,Mar 2016,,,,,,,,,,,,,,,,9427.0,7095.0,2332.0,25.0,112.0,53.0,292.0,2099.0,8.0,1964.0,19.0,17.0,,,,,,,,,,,,,,,
1788501607124-aad40f4f-profitandloss,DQ-03: company_id not found in companies master,1353,ZYDUSLIFE,,,,,Mar 2017,,,,,,,,,,,,,,,,9376.0,7474.0,1902.0,20.0,127.0,45.0,373.0,1612.0,8.0,1517.0,15.0,22.0,,,,,,,,,,,,,,,
1788501607124-aad40f4f-profitandloss,DQ-03: company_id not found in companies master,1354,ZYDUSLIFE,,,,,Mar 2018,,,,,,,,,,,,,,,,11905.0,9074.0,2831.0,24.0,111.0,91.0,539.0,2312.0,24.0,1810.0,17.0,20.0,,,,,,,,,,,,,,,
1788501607124-aad40f4f-profitandloss,DQ-03: company_id not found in companies master,1355,ZYDUSLIFE,,,,,Mar 2019,,,,,,,,,,,,,,,,13166.0,10174.0,2991.0,23.0,183.0,194.0,599.0,2382.0,22.0,1899.0,18.0,19.0,,,,,,,,,,,,,,,
1788501607124-aad40f4f-profitandloss,DQ-03: company_id not found in companies master,1356,ZYDUSLIFE,,,,,Mar 2020,,,,,,,,,,,,,,,,14253.0,11455.0,2798.0,20.0,-264.0,342.0,696.0,1495.0,21.0,1204.0,11.0,30.0,,,,,,,,,,,,,,,
1788501607124-aad40f4f-profitandloss,DQ-03: company_id not found in companies master,1357,ZYDUSLIFE,,,,,Mar 2021,,,,,,,,,,,,,,,,14404.0,11013.0,3391.0,24.0,-231.0,159.0,670.0,2331.0,8.0,2185.0,21.0,17.0,,,,,,,,,,,,,,,
1788501607124-aad40f4f-profitandloss,DQ-03: company_id not found in companies master,1358,ZYDUSLIFE,,,,,Mar 2022,,,,,,,,,,,,,,,,15110.0,11768.0,3342.0,22.0,2581.0,127.0,713.0,5084.0,10.0,4618.0,44.0,6.0,,,,,,,,,,,,,,,
1788501607124-aad40f4f-profitandloss,DQ-03: company_id not found in companies master,1359,ZYDUSLIFE,,,,,Mar 2023,,,,,,,,,,,,,,,,17237.0,13378.0,3860.0,22.0,-422.0,130.0,723.0,2585.0,23.0,2092.0,19.0,31.0,,,,,,,,,,,,,,,
1788501607124-aad40f4f-profitandloss,DQ-03: company_id not found in companies master,1360,ZYDUSLIFE,,,,,Mar 2024,,,,,,,,,,,,,,,,19547.0,14163.0,5384.0,28.0,293.0,81.0,764.0,4832.0,20.0,3973.0,38.0,8.0,,,,,,,,,,,,,,,
1788501607124-aad40f4f-profitandloss,DQ-03: company_id not found in companies master,1361,ZYDUSLIFE,,,,,TTM,,,,,,,,,,,,,,,,21484.0,15205.0,6278.0,29.0,351.0,112.0,849.0,5668.0,,4439.0,43.0,,,,,,,,,,,,,,,,
1788501607452-d6bbe55b-prosandcons,DQ-03: company_id not found in companies master,12,WIPRO,,,,,,,,,,,,,,,,,,,,,,,,,,,,,,,,,,The company has delivered a poor sales growth of 8.75% over past five years.,,,,,,,,,,,,,
1788501607452-d6bbe55b-prosandcons,DQ-03: company_id not found in companies master,13,WIPRO,,,,,,,,,,,,,,,,,,,,,,,,,,,,,,,,,,Dividend payout has been low at 12.2% of profits over last 3 years,,,,,,,,,,,,,
1788501620089-fb3ae469-financial_ratios,DQ-03: company_id not found in companies master,1149,ULTRACEMCO,,,,,Mar 2013,,,,,,,,,,,,,,,,,,,,,,,,,,,,,,13.1,24.0,17.65,0.4821,20.4087,0.6935,-744.0,4362.0,98.0,5.558,9.0,7342.0,3618.0
1788501620089-fb3ae469-financial_ratios,DQ-03: company_id not found in companies master,1150,ULTRACEMCO,,,,,Mar 2014,,,,,,,,,,,,,,,,,,,,,,,,,,,,,,10.68,19.0,12.88,0.4267,12.0693,0.6441,1113.0,2342.0,80.0,6.2708,11.0,7332.0,3455.0
1788501620089-fb3ae469-financial_ratios,DQ-03: company_id not found in companies master,1151,ULTRACEMCO,,,,,Mar 2015,,,,,,,,,,,,,,,,,,,,,,,,,,,,,,9.02,19.0,11.04,0.5162,8.1346,0.6125,2046.0,2144.0,76.0,6.9493,12.0,9829.0,4190.0
1788501620089-fb3ae469-financial_ratios,DQ-03: company_id not found in companies master,1152,ULTRACEMCO,,,,,Mar 2016,,,,,,,,,,,,,,,,,,,,,,,,,,,,,,9.86,19.0,11.3,0.4838,9.4788,0.6106,853.0,3673.0,90.0,8.0091,11.0,10616.0,4526.0
1788501620089-fb3ae469-financial_ratios,DQ-03: company_id not found in companies master,1153,ULTRACEMCO,,,,,Mar 2017,,,,,,,,,,,,,,,,,,,,,,,,,,,,,,10.7,21.0,11.13,0.3474,9.1562,0.6012,2504.0,2501.0,99.0,8.8698,10.0,8474.0,5005.0
1788501620089-fb3ae469-financial_ratios,DQ-03: company_id not found in companies master,1154,ULTRACEMCO,,,,,Mar 2018,,,,,,,,,,,,,,,,,,,,,,,,,,,,,,7.180000000000001,20.0,8.43,0.7384,5.1591,0.5422,5754.0,1866.0,81.0,9.5935,13.0,19480.0,3888.0
1788501620089-fb3ae469-financial_ratios,DQ-03: company_id not found in companies master,1155,ULTRACEMCO,,,,,Mar 2019,,,,,,,,,,,,,,,,,,,,,,,,,,,,,,5.79,18.0,7.109999999999999,0.7507,4.329,0.5418,7121.0,1165.0,88.0,12.2731,13.0,25337.0,5956.0
1788501620089-fb3ae469-financial_ratios,DQ-03: company_id not found in companies master,1156,ULTRACEMCO,,,,,Mar 2020,,,,,,,,,,,,,,,,,,,,,,,,,,,,,,13.55,22.0,14.73,0.5896,4.9684,0.5356,4780.0,4192.0,199.0,13.51,7.0,23019.0,8972.0
1788501620089-fb3ae469-financial_ratios,DQ-03: company_id not found in companies master,1157,ULTRACEMCO,,,,,Mar 2021,,,,,,,,,,,,,,,,,,,,,,,,,,,,,,12.21,26.0,12.36,0.4917,8.2012,0.519,3644.0,8856.0,189.0,15.2855,20.0,21719.0,12500.0
1788501620089-fb3ae469-financial_ratios,DQ-03: company_id not found in companies master,1158,ULTRACEMCO,,,,,Mar 2022,,,,,,,,,,,,,,,,,,,,,,,,,,,,,,13.94,22.0,14.54,0.224,12.8921,0.6276,11540.0,2257.0,254.0,17.4519,15.0,11299.0,9283.0
1788501620089-fb3ae469-financial_ratios,DQ-03: company_id not found in companies master,1159,ULTRACEMCO,,,,,Mar 2023,,,,,,,,,,,,,,,,,,,,,,,,,,,,,,8.02,17.0,9.34,0.2036,13.52,0.6921,1881.0,7188.0,175.0,18.7976,22.0,11058.0,9069.0
1788501620089-fb3ae469-financial_ratios,DQ-03: company_id not found in companies master,1160,ULTRACEMCO,,,,,Mar 2024,,,,,,,,,,,,,,,,,,,,,,,,,,,,,,9.879999999999999,18.0,11.63,0.1893,13.9835,0.7035,2109.0,8789.0,243.0,20.8401,29.0,11403.0,10898.0
1788501620089-fb3ae469-financial_ratios,DQ-03: company_id not found in companies master,1161,UNIONBANK,,,,,Mar 2013,,,,,,,,,,,,,,,,,,,,,,,,,,,,,,8.53,1.0,12.39,16.6054,0.1817,0.0804,-4588.0,343.0,36.0,2.901,22.0,287589.0,-4245.0
1788501620089-fb3ae469-financial_ratios,DQ-03: company_id not found in companies master,1162,UNIONBANK,,,,,Mar 2014,,,,,,,,,,,,,,,,,,,,,,,,,,,,,,5.74,-3.0,9.049999999999999,17.5528,0.1043,0.0828,2207.0,363.0,27.0,2.9578,15.0,327078.0,2570.0
1788501620089-fb3ae469-financial_ratios,DQ-03: company_id not found in companies master,1163,UNIONBANK,,,,,Mar 2015,,,,,,,,,,,,,,,,,,,,,,,,,,,,,,5.510000000000001,-3.0,8.9,17.7204,0.1262,0.0839,-3885.0,318.0,28.0,3.1288,22.0,352618.0,-3567.0
1788501620089-fb3ae469-financial_ratios,DQ-03: company_id not found in companies master,1164,UNIONBANK,,,,,Mar 2016,,,,,,,,,,,,,,,,,,,,,,,,,,,,,,4.17,-6.0,5.84,16.2597,0.084,0.0793,72.0,9.0,20.0,3.3549,10.0,374754.0,81.0
1788501620089-fb3ae469-financial_ratios,DQ-03: company_id not found in companies master,1165,UNIONBANK,,,,,Mar 2017,,,,,,,,,,,,,,,,,,,,,,,,,,,,,,1.75,-15.0,2.38,17.3669,0.0252,0.072,-6904.0,280.0,8.0,3.507,0.0,418420.0,-6624.0
1788501620089-fb3ae469-financial_ratios,DQ-03: company_id not found in companies master,1166,UNIONBANK,,,,,Mar 2018,,,,,,,,,,,,,,,,,,,,,,,,,,,,,,-15.82,-36.0,-20.64,18.0567,-0.2658,0.0671,5782.0,315.0,-45.0,2.1601,0.0,455969.0,6097.0
1788501620089-fb3ae469-financial_ratios,DQ-03: company_id not found in companies master,1167,UNIONBANK,,,,,Mar 2019,,,,,,,,,,,,,,,,,,,,,,,,,,,,,,-8.52,-25.0,-10.89,17.1702,-0.1489,0.0688,-8075.0,297.0,-17.0,1.5222,0.0,460780.0,-7778.0
1788501620089-fb3ae469-financial_ratios,DQ-03: company_id not found in companies master,1168,UNIONBANK,,,,,Mar 2020,,,,,,,,,,,,,,,,,,,,,,,,,,,,,,-8.33,-25.0,-9.180000000000001,14.8617,-0.1445,0.0675,-81.0,4.0,-9.0,0.993,0.0,505150.0,-77.0
1788501620089-fb3ae469-financial_ratios,DQ-03: company_id not found in companies master,1169,UNIONBANK,,,,,Mar 2021,,,,,,,,,,,,,,,,,,,,,,,,,,,,,,4.130000000000001,-16.0,4.42,15.1005,0.0734,0.064,19926.0,601.0,4.0,1.0104,0.0,977576.0,20527.0
1788501620089-fb3ae469-financial_ratios,DQ-03: company_id not found in companies master,1170,UNIONBANK,,,,,Mar 2022,,,,,,,,,,,,,,,,,,,,,,,,,,,,,,7.720000000000001,-6.0,7.430000000000001,15.3203,0.2317,0.0572,35781.0,558.0,8.0,1.0367,25.0,1085613.0,36339.0
1788501620089-fb3ae469-financial_ratios,DQ-03: company_id not found in companies master,1171,UNIONBANK,,,,,Mar 2023,,,,,,,,,,,,,,,,,,,,,,,,,,,,,,10.49,-4.0,10.8,14.7589,0.2684,0.063,3495.0,2561.0,12.0,1.1529,24.0,1163059.0,6056.0
1788501620089-fb3ae469-financial_ratios,DQ-03: company_id not found in companies master,1172,UNIONBANK,,,,,Mar 2024,,,,,,,,,,,,,,,,,,,,,,,,,,,,,,13.75,5.0,14.14,12.8237,0.3536,0.0716,18536.0,1394.0,18.0,1.2785,20.0,1251568.0,19930.0
