table_name,source_rows,valid_rows,rejected_rows
1788501604303-57986a9b-analysis,20,16,4
1788501604829-ac8c0874-balancesheet,1312,1227,85
1788501605758-8e951681-cashflow,1187,1091,96
1788501606362-ba899c04-documents,1585,1457,128
1788501607124-aad40f4f-profitandloss,1276,1177,99
1788501607452-d6bbe55b-prosandcons,16,14,2
1788501620089-fb3ae469-financial_ratios,1184,1160,24
1788501620397-69ae3e7f-market_cap,552,552,0
1788501620796-5060f580-peer_groups,56,56,0
1788501621129-8684701e-sectors,92,92,0
1788501621395-a51977cd-stock_prices,5520,5520,0
