kpi,n,p10,p25,p50,p75,p90,mean,std
return_on_equity_pct,90,8.361743764845407,11.612115350385197,16.27438209993858,25.426269976945942,45.480520731598716,124.59244726200662,640.6795292279905
return_on_capital_employed_pct,90,4.2797722443790365,11.330122565901721,20.637174728252504,36.16994379485593,121.03606440278729,197.4934411400204,840.6382400571098
net_profit_margin_pct,91,4.60996999769213,7.232424227856129,14.288299155609169,20.3643913103396,29.282025230717128,20.14360996608067,45.416514778894395
operating_profit_margin_pct,91,9.837909494446341,16.008217692276524,25.833656455990695,40.154298741775634,84.04312668463612,34.668914632997186,27.512220711640186
return_on_assets_pct,90,1.1370426182065605,2.4431781943493736,6.207260462890552,14.04835169138613,22.618117258413758,62.27139460978941,319.53113131816184
debt_to_equity,91,0.008129006675038002,0.058099743078219884,0.43491620111731844,1.5942703351364202,6.445624336310825,1.6688322682398915,2.863032616687874
interest_coverage,91,1.6106611743349857,3.179969072942309,11.355507351168956,58.089466998549725,192.2895238095238,126.12959168132556,485.94073384579076
revenue_cagr_5yr,90,5.805951462565191,8.419635020495464,11.83076234886119,17.21705389944175,21.09659724104452,12.917520790316583,7.416892643595472
pat_cagr_5yr,84,4.3594698195265895,9.86465271466127,16.2781059479576,23.77712800024647,39.277589291381965,21.10741265835075,21.548470489755804
free_cash_flow_cr,90,-14847.199999999999,-1340.0,1068.5,8164.0,20818.10000000003,706.1666666666666,23312.33183823435
