company_id,year,company_name,broad_sector,sub_sector,return_on_equity_pct,debt_to_equity,net_profit_margin_pct,revenue_cagr_5yr,composite_quality_score
BEL,2024-03,Bharat Electronics Ltd,Industrials,Defence Electronics,4744.047619047619,0.5119047619047619,19.661535425300965,10.7508063318833,82.6
HAL,2024-03,Hindustan Aeronautics Ltd,Industrials,Defence & Aerospace,3816.5829145728644,0.6180904522613065,24.999177117277245,8.712548590236358,86.6
INDIGO,2024-03,Interglobe Aviation Ltd,Consumer Discretionary,Airlines,892.568306010929,0.018579234972677595,11.852722628584697,19.313355125806165,67.3
NESTLEIND,2024-03,Nestle India Ltd,Consumer Staples,Food Products,117.75449101796407,0.10329341317365269,16.12281708616873,14.548573711802671,78.9
LT,2024-03,Larsen & Toubro Ltd,Industrials,Engineering & Construction,77.66510140873214,0.10345688880007993,7.031246466738726,10.335347989682408,69.8
BRITANNIA,2024-03,Britannia Industries Ltd,Consumer Staples,Food Products,54.14869322506978,0.5239786856127886,12.725863199952292,8.690023727476138,70.1
TCS,2024-03,Tata Consultancy Services Ltd,Information Technology,IT Services,50.944313673485176,0.0886406082507266,19.136712150207767,10.463614801716602,77.9
LICI,2024-03,Life Insurance Corporation of India,Financials,Life Insurance,49.44710986501021,0.0,4.836600998148862,8.15986061977938,71.4
ADANIPOWER,2024-03,Adani Power Ltd,Energy,Power & Utilities,48.27674122146251,0.8023177656738903,41.36759945184802,16.086096410440966,84.2
COALINDIA,2024-03,Coal India Ltd,Materials,Mining & Metals,45.16982956605826,0.0788468512027076,26.25628846856468,7.402890725901301,76.1
TRENT,2024-03,Trent Ltd,Consumer Discretionary,Retail,36.30776794493609,0.4309242871189774,11.935353535353535,36.30691600183056,81.9
BPCL,2024-03,Bharat Petroleum Corporation Ltd,Energy,Oil & Gas Refining,35.511337343822305,0.7218747934157467,5.994201967046283,8.483226324685255,68.6
IRCTC,2024-03,Indian Railway Catering & Tourism Corporation Ltd,Consumer Discretionary,Travel & Tourism,34.39628482972136,0.018575851393188854,26.01873536299766,17.955244103890912,80.6
ABB,2024-03,Abbott India Ltd,Industrials,Capital Goods,32.46823465801568,0.022438496891051634,20.533424517011454,9.716101277290168,74.5
INFY,2024-03,Infosys Ltd,Information Technology,IT Services,29.788006718416632,0.09486358890553362,17.08075746730006,13.199100930556229,72.9
ASIANPAINT,2024-03,"Asian Paints
Indian Multi-National Paint and Coating Manufacturing Company",Materials,Paints & Coatings,29.677488252883382,0.1321016659547202,15.658543456824905,13.029660349453076,70.1
ITC,2024-03,"ITC Ltd
",Consumer Staples,Diversified FMCG,27.851074395694365,0.004066731984914169,29.282025230717128,7.950896846254429,69.1
BAJAJ-AUTO,2024-03,Bajaj Auto Ltd,Consumer Discretionary,Two Wheelers,26.61418410330778,0.06601754022512257,17.178515712057056,8.127604751021389,61.5
TORNTPHARM,2024-03,Torrent Pharmaceuticals Ltd,Healthcare,Pharmaceuticals,24.154025670945156,0.5866394399066511,15.436241610738255,6.932744476678732,67.5
IOC,2024-03,"Indian Oil Corporation
",Energy,Oil & Gas Refining,23.53162465856491,0.7230954600718581,5.559462717942377,8.008755667240486,43.9
HCLTECH,2024-03,HCL Technologies Ltd,Information Technology,IT Services,23.01393141233172,0.08435023365512796,14.293122742532729,12.710299978373406,67.0
LTIM,2024-03,LTIMindtree Ltd,Information Technology,IT Services,22.904386052552702,0.10345688880007993,12.90931103415266,30.32798083513346,70.6
EICHERMOT,2024-03,Eicher Motors Ltd,Consumer Discretionary,Two Wheelers,22.172346910501524,0.023219728456636186,24.195694242864054,11.036936496739692,65.7
HEROMOTOCO,2024-03,"Hero MotoCorp Ltd
",Consumer Discretionary,Two Wheelers,21.14243742584327,0.03423922255494661,9.902352536452407,2.1530677970544643,54.3
PIDILITIND,2024-03,Pidilite Industries Ltd,Materials,Specialty Chemicals,20.780302129178065,0.045438325205186154,14.108051360736493,11.836370175898114,61.6
BOSCHLTD,2024-03,Bosch Ltd,Consumer Discretionary,Auto Ancillaries,20.639920424403183,0.003232758620689655,14.886112273569676,6.717165240230294,56.4
HINDUNILVR,2024-03,"Hindustan Unilever Ltd
",Consumer Staples,FMCG,20.074973642078955,0.028974188761763442,16.611735814915342,9.504485244074123,65.8
DRREDDY,2024-03,Dr Reddys Laboratories Ltd,Healthcare,Pharmaceuticals,19.74233736816026,0.07085722375592836,19.913605369319196,12.639644349571988,67.9
ATGL,2024-03,Adani Total Gas Ltd,Energy,Gas Distribution,18.65921787709497,0.43491620111731844,14.927374301675977,21.08864867789759,65.6
DABUR,2024-03,Dabur India Ltd,Consumer Staples,Personal Products,18.355969997972835,0.13835394283397526,14.600128990648178,7.814065037783324,53.6
SIEMENS,2024-09,Siemens Ltd,Industrials,Capital Goods,17.698769290877124,0.018167610861496385,12.221223021582734,11.193358902067896,51.3
HAVELLS,2024-03,Havells India Ltd,Industrials,Consumer Electricals,17.067275412917954,0.040687525177924,6.837009144701453,13.037907939063121,50.1
ONGC,2024-03,Oil & Natural Gas Corpn Ltd,Energy,Oil & Gas Exploration,16.940398136885513,0.45444863084819176,9.655290194725701,7.001683761214439,55.5
MARUTI,2024-03,Maruti Suzuki India Ltd,Consumer Discretionary,Automobiles,15.750385351954785,0.001389602503619973,9.50809964894472,10.510215112642584,50.5
ICICIGI,2024-03,ICICI Lombard General Insurance Company Ltd,Financials,General Insurance,15.7230643179025,0.0028676771814829987,9.366915605017816,12.911841003362579,62.1
CIPLA,2024-03,"Cipla Ltd
",Healthcare,Pharmaceuticals,15.554557028383135,0.020931625851868495,16.11701714906495,9.513860126378049,65.6
ADANIPORTS,2024-03,"Adani Ports & Special Economic Zone Ltd
",Industrials,Infrastructure,15.3548827162833,0.9373223691689719,30.339560480700833,19.57867595245697,70.5
SUNPHARMA,2024-03,Sun Pharmaceuticals Industries Ltd,Healthcare,Pharmaceuticals,15.094161810671148,0.051423814535002436,19.815658700538176,10.78116321985565,63.9
